[0.000000] (-) TimerEvent: {}
[0.000171] (kalman_filter) JobQueued: {'identifier': 'kalman_filter', 'dependencies': OrderedDict()}
[0.000679] (turtlebot3_fake_node) JobQueued: {'identifier': 'turtlebot3_fake_node', 'dependencies': OrderedDict()}
[0.000727] (turtlebot3_gazebo) JobQueued: {'identifier': 'turtlebot3_gazebo', 'dependencies': OrderedDict()}
[0.000743] (turtlebot3_simulations) JobQueued: {'identifier': 'turtlebot3_simulations', 'dependencies': OrderedDict([('turtlebot3_fake_node', '/home/ammar/turtlebot3_localization/install/turtlebot3_fake_node'), ('turtlebot3_gazebo', '/home/ammar/turtlebot3_localization/install/turtlebot3_gazebo')])}
[0.000759] (turtlebot3_fake_node) JobStarted: {'identifier': 'turtlebot3_fake_node'}
[0.052204] (turtlebot3_gazebo) JobStarted: {'identifier': 'turtlebot3_gazebo'}
[0.100215] (-) TimerEvent: {}
[0.103399] (kalman_filter) JobStarted: {'identifier': 'kalman_filter'}
[0.167336] (turtlebot3_fake_node) JobProgress: {'identifier': 'turtlebot3_fake_node', 'progress': 'cmake'}
[0.167804] (turtlebot3_fake_node) JobProgress: {'identifier': 'turtlebot3_fake_node', 'progress': 'build'}
[0.168372] (turtlebot3_fake_node) Command: {'cmd': ['/usr/bin/cmake', '--build', '/home/ammar/turtlebot3_localization/build/turtlebot3_fake_node', '--', '-j12', '-l12'], 'cwd': '/home/ammar/turtlebot3_localization/build/turtlebot3_fake_node', 'env': OrderedDict([('GJS_DEBUG_TOPICS', 'JS ERROR;JS LOG'), ('LESSOPEN', '| /usr/bin/lesspipe %s'), ('LANGUAGE', 'en_US:en'), ('USER', 'ammar'), ('LC_TIME', 'ar_EG.UTF-8'), ('XDG_SESSION_TYPE', 'x11'), ('SHLVL', '1'), ('LD_LIBRARY_PATH', '/usr/lib/x86_64-linux-gnu/gazebo-11/plugins:/opt/ros/humble/opt/rviz_ogre_vendor/lib:/opt/ros/humble/lib/x86_64-linux-gnu:/opt/ros/humble/lib'), ('HOME', '/home/ammar'), ('CONDA_SHLVL', '0'), ('OLDPWD', '/home/ammar'), ('DESKTOP_SESSION', 'ubuntu'), ('GIO_LAUNCHED_DESKTOP_FILE', '/usr/share/applications/terminator.desktop'), ('ROS_PYTHON_VERSION', '3'), ('GNOME_SHELL_SESSION_MODE', 'ubuntu'), ('GTK_MODULES', 'gail:atk-bridge'), ('LC_MONETARY', 'ar_EG.UTF-8'), ('MANAGERPID', '1649'), ('SYSTEMD_EXEC_PID', '2109'), ('DBUS_SESSION_BUS_ADDRESS', 'unix:path=/run/user/1000/bus'), ('COLORTERM', 'truecolor'), ('_CE_M', ''), ('TERMINATOR_DBUS_NAME', 'net.tenshu.Terminator23558193cd9818af7fe4d2c2f5bd9d00f'), ('GIO_LAUNCHED_DESKTOP_FILE_PID', '2624'), ('COLCON_PREFIX_PATH', '/home/ammar/ros2_ws/install'), ('ROS_DISTRO', 'humble'), ('GTK_IM_MODULE', 'ibus'), ('LOGNAME', 'ammar'), ('JOURNAL_STREAM', '8:18170'), ('_', '/usr/bin/colcon'), ('ROS_VERSION', '2'), ('XDG_SESSION_CLASS', 'user'), ('USERNAME', 'ammar'), ('TERM', 'xterm-256color'), ('GNOME_DESKTOP_SESSION_ID', 'this-is-deprecated'), ('_CE_CONDA', ''), ('ROS_LOCALHOST_ONLY', '0'), ('WINDOWPATH', '2'), ('PATH', '/home/ammar/anaconda3/condabin:/opt/ros/humble/bin:/usr/local/sbin:/usr/local/bin:/usr/sbin:/usr/bin:/sbin:/bin:/usr/games:/usr/local/games:/snap/bin:/snap/bin'), ('SESSION_MANAGER', 'local/ammars-machine:@/tmp/.ICE-unix/2081,unix/ammars-machine:/tmp/.ICE-unix/2081'), ('INVOCATION_ID', 'f6d1483e31c54fb5a0a2100081a86de2'), ('PAPERSIZE', 'a4'), ('XDG_MENU_PREFIX', 'gnome-'), ('LC_ADDRESS', 'ar_EG.UTF-8'), ('XDG_RUNTIME_DIR', '/run/user/1000'), ('DISPLAY', ':1'), ('TERMINATOR_DBUS_PATH', '/net/tenshu/Terminator2'), ('LANG', 'en_US.UTF-8'), ('XDG_CURRENT_DESKTOP', 'ubuntu:GNOME'), ('IBUS_DISABLE_SNOOPER', '1'), ('LC_TELEPHONE', 'ar_EG.UTF-8'), ('XMODIFIERS', '@im=ibus'), ('XDG_SESSION_DESKTOP', 'ubuntu'), ('XAUTHORITY', '/run/user/1000/gdm/Xauthority'), ('LS_COLORS', 'rs=0:di=01;34:ln=01;36:mh=00:pi=40;33:so=01;35:do=01;35:bd=40;33;01:cd=40;33;01:or=40;31;01:mi=00:su=37;41:sg=30;43:ca=30;41:tw=30;42:ow=34;42:st=37;44:ex=01;32:*.tar=01;31:*.tgz=01;31:*.arc=01;31:*.arj=01;31:*.taz=01;31:*.lha=01;31:*.lz4=01;31:*.lzh=01;31:*.lzma=01;31:*.tlz=01;31:*.txz=01;31:*.tzo=01;31:*.t7z=01;31:*.zip=01;31:*.z=01;31:*.dz=01;31:*.gz=01;31:*.lrz=01;31:*.lz=01;31:*.lzo=01;31:*.xz=01;31:*.zst=01;31:*.tzst=01;31:*.bz2=01;31:*.bz=01;31:*.tbz=01;31:*.tbz2=01;31:*.tz=01;31:*.deb=01;31:*.rpm=01;31:*.jar=01;31:*.war=01;31:*.ear=01;31:*.sar=01;31:*.rar=01;31:*.alz=01;31:*.ace=01;31:*.zoo=01;31:*.cpio=01;31:*.7z=01;31:*.rz=01;31:*.cab=01;31:*.wim=01;31:*.swm=01;31:*.dwm=01;31:*.esd=01;31:*.jpg=01;35:*.jpeg=01;35:*.mjpg=01;35:*.mjpeg=01;35:*.gif=01;35:*.bmp=01;35:*.pbm=01;35:*.pgm=01;35:*.ppm=01;35:*.tga=01;35:*.xbm=01;35:*.xpm=01;35:*.tif=01;35:*.tiff=01;35:*.png=01;35:*.svg=01;35:*.svgz=01;35:*.mng=01;35:*.pcx=01;35:*.mov=01;35:*.mpg=01;35:*.mpeg=01;35:*.m2v=01;35:*.mkv=01;35:*.webm=01;35:*.webp=01;35:*.ogm=01;35:*.mp4=01;35:*.m4v=01;35:*.mp4v=01;35:*.vob=01;35:*.qt=01;35:*.nuv=01;35:*.wmv=01;35:*.asf=01;35:*.rm=01;35:*.rmvb=01;35:*.flc=01;35:*.avi=01;35:*.fli=01;35:*.flv=01;35:*.gl=01;35:*.dl=01;35:*.xcf=01;35:*.xwd=01;35:*.yuv=01;35:*.cgm=01;35:*.emf=01;35:*.ogv=01;35:*.ogx=01;35:*.aac=00;36:*.au=00;36:*.flac=00;36:*.m4a=00;36:*.mid=00;36:*.midi=00;36:*.mka=00;36:*.mp3=00;36:*.mpc=00;36:*.ogg=00;36:*.ra=00;36:*.wav=00;36:*.oga=00;36:*.opus=00;36:*.spx=00;36:*.xspf=00;36:'), ('SSH_AGENT_LAUNCHER', 'gnome-keyring'), ('SSH_AUTH_SOCK', '/run/user/1000/keyring/ssh'), ('AMENT_PREFIX_PATH', '/home/ammar/ros2_ws/install/my_robot_bringup:/home/ammar/ros2_ws/install/my_robot_controller:/opt/ros/humble'), ('CONDA_PYTHON_EXE', '/home/ammar/anaconda3/bin/python'), ('SHELL', '/bin/bash'), ('LC_NAME', 'ar_EG.UTF-8'), ('TERMINATOR_UUID', 'urn:uuid:ae12983b-cf6e-47b7-ad1a-485ddede5d41'), ('QT_ACCESSIBILITY', '1'), ('GDMSESSION', 'ubuntu'), ('LESSCLOSE', '/usr/bin/lesspipe %s %s'), ('LC_MEASUREMENT', 'ar_EG.UTF-8'), ('GPG_AGENT_INFO', '/run/user/1000/gnupg/S.gpg-agent:0:1'), ('GJS_DEBUG_OUTPUT', 'stderr'), ('LC_IDENTIFICATION', 'ar_EG.UTF-8'), ('QT_IM_MODULE', 'ibus'), ('PWD', '/home/ammar/turtlebot3_localization/build/turtlebot3_fake_node'), ('XDG_CONFIG_DIRS', '/etc/xdg/xdg-ubuntu:/etc/xdg'), ('CONDA_EXE', '/home/ammar/anaconda3/bin/conda'), ('XDG_DATA_DIRS', '/usr/share/ubuntu:/usr/share/gnome:/usr/local/share/:/usr/share/:/var/lib/snapd/desktop'), ('PYTHONPATH', '/home/ammar/ros2_ws/build/my_robot_controller:/home/ammar/ros2_ws/install/my_robot_controller/lib/python3.10/site-packages:/opt/ros/humble/lib/python3.10/site-packages:/opt/ros/humble/local/lib/python3.10/dist-packages'), ('LC_NUMERIC', 'ar_EG.UTF-8'), ('LC_PAPER', 'ar_EG.UTF-8'), ('COLCON', '1'), ('VTE_VERSION', '6800'), ('CMAKE_PREFIX_PATH', '/home/ammar/ros2_ws/install/my_robot_bringup:/home/ammar/ros2_ws/install/my_robot_controller:/opt/ros/humble')]), 'shell': False}
[0.170212] (turtlebot3_gazebo) JobProgress: {'identifier': 'turtlebot3_gazebo', 'progress': 'cmake'}
[0.170542] (turtlebot3_gazebo) Command: {'cmd': ['/usr/bin/cmake', '/home/ammar/turtlebot3_localization/src/turtlebot3_simulations/turtlebot3_gazebo', '-DAMENT_CMAKE_SYMLINK_INSTALL=1', '-DCMAKE_INSTALL_PREFIX=/home/ammar/turtlebot3_localization/install/turtlebot3_gazebo'], 'cwd': '/home/ammar/turtlebot3_localization/build/turtlebot3_gazebo', 'env': OrderedDict([('GJS_DEBUG_TOPICS', 'JS ERROR;JS LOG'), ('LESSOPEN', '| /usr/bin/lesspipe %s'), ('LANGUAGE', 'en_US:en'), ('USER', 'ammar'), ('LC_TIME', 'ar_EG.UTF-8'), ('XDG_SESSION_TYPE', 'x11'), ('SHLVL', '1'), ('LD_LIBRARY_PATH', '/usr/lib/x86_64-linux-gnu/gazebo-11/plugins:/opt/ros/humble/opt/rviz_ogre_vendor/lib:/opt/ros/humble/lib/x86_64-linux-gnu:/opt/ros/humble/lib'), ('HOME', '/home/ammar'), ('CONDA_SHLVL', '0'), ('OLDPWD', '/home/ammar'), ('DESKTOP_SESSION', 'ubuntu'), ('GIO_LAUNCHED_DESKTOP_FILE', '/usr/share/applications/terminator.desktop'), ('ROS_PYTHON_VERSION', '3'), ('GNOME_SHELL_SESSION_MODE', 'ubuntu'), ('GTK_MODULES', 'gail:atk-bridge'), ('LC_MONETARY', 'ar_EG.UTF-8'), ('MANAGERPID', '1649'), ('SYSTEMD_EXEC_PID', '2109'), ('DBUS_SESSION_BUS_ADDRESS', 'unix:path=/run/user/1000/bus'), ('COLORTERM', 'truecolor'), ('_CE_M', ''), ('TERMINATOR_DBUS_NAME', 'net.tenshu.Terminator23558193cd9818af7fe4d2c2f5bd9d00f'), ('GIO_LAUNCHED_DESKTOP_FILE_PID', '2624'), ('COLCON_PREFIX_PATH', '/home/ammar/ros2_ws/install'), ('ROS_DISTRO', 'humble'), ('GTK_IM_MODULE', 'ibus'), ('LOGNAME', 'ammar'), ('JOURNAL_STREAM', '8:18170'), ('_', '/usr/bin/colcon'), ('ROS_VERSION', '2'), ('XDG_SESSION_CLASS', 'user'), ('USERNAME', 'ammar'), ('TERM', 'xterm-256color'), ('GNOME_DESKTOP_SESSION_ID', 'this-is-deprecated'), ('_CE_CONDA', ''), ('ROS_LOCALHOST_ONLY', '0'), ('WINDOWPATH', '2'), ('PATH', '/home/ammar/anaconda3/condabin:/opt/ros/humble/bin:/usr/local/sbin:/usr/local/bin:/usr/sbin:/usr/bin:/sbin:/bin:/usr/games:/usr/local/games:/snap/bin:/snap/bin'), ('SESSION_MANAGER', 'local/ammars-machine:@/tmp/.ICE-unix/2081,unix/ammars-machine:/tmp/.ICE-unix/2081'), ('INVOCATION_ID', 'f6d1483e31c54fb5a0a2100081a86de2'), ('PAPERSIZE', 'a4'), ('XDG_MENU_PREFIX', 'gnome-'), ('LC_ADDRESS', 'ar_EG.UTF-8'), ('XDG_RUNTIME_DIR', '/run/user/1000'), ('DISPLAY', ':1'), ('TERMINATOR_DBUS_PATH', '/net/tenshu/Terminator2'), ('LANG', 'en_US.UTF-8'), ('XDG_CURRENT_DESKTOP', 'ubuntu:GNOME'), ('IBUS_DISABLE_SNOOPER', '1'), ('LC_TELEPHONE', 'ar_EG.UTF-8'), ('XMODIFIERS', '@im=ibus'), ('XDG_SESSION_DESKTOP', 'ubuntu'), ('XAUTHORITY', '/run/user/1000/gdm/Xauthority'), ('LS_COLORS', 'rs=0:di=01;34:ln=01;36:mh=00:pi=40;33:so=01;35:do=01;35:bd=40;33;01:cd=40;33;01:or=40;31;01:mi=00:su=37;41:sg=30;43:ca=30;41:tw=30;42:ow=34;42:st=37;44:ex=01;32:*.tar=01;31:*.tgz=01;31:*.arc=01;31:*.arj=01;31:*.taz=01;31:*.lha=01;31:*.lz4=01;31:*.lzh=01;31:*.lzma=01;31:*.tlz=01;31:*.txz=01;31:*.tzo=01;31:*.t7z=01;31:*.zip=01;31:*.z=01;31:*.dz=01;31:*.gz=01;31:*.lrz=01;31:*.lz=01;31:*.lzo=01;31:*.xz=01;31:*.zst=01;31:*.tzst=01;31:*.bz2=01;31:*.bz=01;31:*.tbz=01;31:*.tbz2=01;31:*.tz=01;31:*.deb=01;31:*.rpm=01;31:*.jar=01;31:*.war=01;31:*.ear=01;31:*.sar=01;31:*.rar=01;31:*.alz=01;31:*.ace=01;31:*.zoo=01;31:*.cpio=01;31:*.7z=01;31:*.rz=01;31:*.cab=01;31:*.wim=01;31:*.swm=01;31:*.dwm=01;31:*.esd=01;31:*.jpg=01;35:*.jpeg=01;35:*.mjpg=01;35:*.mjpeg=01;35:*.gif=01;35:*.bmp=01;35:*.pbm=01;35:*.pgm=01;35:*.ppm=01;35:*.tga=01;35:*.xbm=01;35:*.xpm=01;35:*.tif=01;35:*.tiff=01;35:*.png=01;35:*.svg=01;35:*.svgz=01;35:*.mng=01;35:*.pcx=01;35:*.mov=01;35:*.mpg=01;35:*.mpeg=01;35:*.m2v=01;35:*.mkv=01;35:*.webm=01;35:*.webp=01;35:*.ogm=01;35:*.mp4=01;35:*.m4v=01;35:*.mp4v=01;35:*.vob=01;35:*.qt=01;35:*.nuv=01;35:*.wmv=01;35:*.asf=01;35:*.rm=01;35:*.rmvb=01;35:*.flc=01;35:*.avi=01;35:*.fli=01;35:*.flv=01;35:*.gl=01;35:*.dl=01;35:*.xcf=01;35:*.xwd=01;35:*.yuv=01;35:*.cgm=01;35:*.emf=01;35:*.ogv=01;35:*.ogx=01;35:*.aac=00;36:*.au=00;36:*.flac=00;36:*.m4a=00;36:*.mid=00;36:*.midi=00;36:*.mka=00;36:*.mp3=00;36:*.mpc=00;36:*.ogg=00;36:*.ra=00;36:*.wav=00;36:*.oga=00;36:*.opus=00;36:*.spx=00;36:*.xspf=00;36:'), ('SSH_AGENT_LAUNCHER', 'gnome-keyring'), ('SSH_AUTH_SOCK', '/run/user/1000/keyring/ssh'), ('AMENT_PREFIX_PATH', '/home/ammar/ros2_ws/install/my_robot_bringup:/home/ammar/ros2_ws/install/my_robot_controller:/opt/ros/humble'), ('CONDA_PYTHON_EXE', '/home/ammar/anaconda3/bin/python'), ('SHELL', '/bin/bash'), ('LC_NAME', 'ar_EG.UTF-8'), ('TERMINATOR_UUID', 'urn:uuid:ae12983b-cf6e-47b7-ad1a-485ddede5d41'), ('QT_ACCESSIBILITY', '1'), ('GDMSESSION', 'ubuntu'), ('LESSCLOSE', '/usr/bin/lesspipe %s %s'), ('LC_MEASUREMENT', 'ar_EG.UTF-8'), ('GPG_AGENT_INFO', '/run/user/1000/gnupg/S.gpg-agent:0:1'), ('GJS_DEBUG_OUTPUT', 'stderr'), ('LC_IDENTIFICATION', 'ar_EG.UTF-8'), ('QT_IM_MODULE', 'ibus'), ('PWD', '/home/ammar/turtlebot3_localization/build/turtlebot3_gazebo'), ('XDG_CONFIG_DIRS', '/etc/xdg/xdg-ubuntu:/etc/xdg'), ('CONDA_EXE', '/home/ammar/anaconda3/bin/conda'), ('XDG_DATA_DIRS', '/usr/share/ubuntu:/usr/share/gnome:/usr/local/share/:/usr/share/:/var/lib/snapd/desktop'), ('PYTHONPATH', '/home/ammar/ros2_ws/build/my_robot_controller:/home/ammar/ros2_ws/install/my_robot_controller/lib/python3.10/site-packages:/opt/ros/humble/lib/python3.10/site-packages:/opt/ros/humble/local/lib/python3.10/dist-packages'), ('LC_NUMERIC', 'ar_EG.UTF-8'), ('LC_PAPER', 'ar_EG.UTF-8'), ('COLCON', '1'), ('VTE_VERSION', '6800'), ('CMAKE_PREFIX_PATH', '/home/ammar/ros2_ws/install/my_robot_bringup:/home/ammar/ros2_ws/install/my_robot_controller:/opt/ros/humble')]), 'shell': False}
[0.179567] (turtlebot3_gazebo) StdoutLine: {'line': b'-- Found ament_cmake: 1.3.5 (/opt/ros/humble/share/ament_cmake/cmake)\n'}
[0.200332] (-) TimerEvent: {}
[0.202760] (turtlebot3_fake_node) StdoutLine: {'line': b'[ 50%] \x1b[32mBuilding CXX object CMakeFiles/turtlebot3_fake_node.dir/src/turtlebot3_fake_node.cpp.o\x1b[0m\n'}
[0.279133] (turtlebot3_gazebo) StdoutLine: {'line': b'-- Override CMake install command with custom implementation using symlinks instead of copying resources\n'}
[0.288058] (turtlebot3_gazebo) StderrLine: {'line': b'\x1b[33mCMake Warning (dev) at /usr/share/cmake-3.22/Modules/FindPackageHandleStandardArgs.cmake:438 (message):\n'}
[0.288213] (turtlebot3_gazebo) StderrLine: {'line': b'  The package name passed to `find_package_handle_standard_args` (PkgConfig)\n'}
[0.288269] (turtlebot3_gazebo) StderrLine: {'line': b'  does not match the name of the calling package (gazebo).  This can lead to\n'}
[0.288318] (turtlebot3_gazebo) StderrLine: {'line': b'  problems in calling code that expects `find_package` result variables\n'}
[0.288428] (turtlebot3_gazebo) StderrLine: {'line': b'  (e.g., `_FOUND`) to follow a certain pattern.\n'}
[0.288498] (turtlebot3_gazebo) StderrLine: {'line': b'Call Stack (most recent call first):\n'}
[0.288550] (turtlebot3_gazebo) StderrLine: {'line': b'  /usr/share/cmake-3.22/Modules/FindPkgConfig.cmake:99 (find_package_handle_standard_args)\n'}
[0.288598] (turtlebot3_gazebo) StderrLine: {'line': b'  /usr/lib/x86_64-linux-gnu/cmake/gazebo/gazebo-config.cmake:72 (include)\n'}
[0.288644] (turtlebot3_gazebo) StderrLine: {'line': b'  CMakeLists.txt:23 (find_package)\n'}
[0.288689] (turtlebot3_gazebo) StderrLine: {'line': b'This warning is for project developers.  Use -Wno-dev to suppress it.\n'}
[0.288735] (turtlebot3_gazebo) StderrLine: {'line': b'\x1b[0m\n'}
[0.288779] (turtlebot3_gazebo) StdoutLine: {'line': b'-- Found PkgConfig: /usr/bin/pkg-config (found version "0.29.2") \n'}
[0.291101] (turtlebot3_gazebo) StdoutLine: {'line': b"-- Checking for module 'bullet>=2.82'\n"}
[0.300421] (-) TimerEvent: {}
[0.317975] (turtlebot3_gazebo) StdoutLine: {'line': b'--   Found bullet, version 3.05\n'}
[0.400752] (-) TimerEvent: {}
[0.501235] (-) TimerEvent: {}
[0.520496] (turtlebot3_gazebo) StdoutLine: {'line': b'-- Found fcl: /usr/include (found suitable version "0.7.0", minimum required is "0.5.0") \n'}
[0.575937] (turtlebot3_gazebo) StdoutLine: {'line': b'-- Found assimp: /usr/include (found version "5.2.0") \n'}
[0.601341] (-) TimerEvent: {}
[0.701625] (-) TimerEvent: {}
[0.801863] (-) TimerEvent: {}
[0.902138] (-) TimerEvent: {}
[1.002419] (-) TimerEvent: {}
[1.033050] (turtlebot3_gazebo) StdoutLine: {'line': b'-- Found DART: /usr/include (Required is at least version "6.6") found components: dart \n'}
[1.102533] (-) TimerEvent: {}
[1.202809] (-) TimerEvent: {}
[1.303094] (-) TimerEvent: {}
[1.403370] (-) TimerEvent: {}
[1.455568] (turtlebot3_gazebo) StdoutLine: {'line': b'-- Found Boost: /usr/lib/x86_64-linux-gnu/cmake/Boost-1.74.0/BoostConfig.cmake (found suitable version "1.74.0", minimum required is "1.40.0") found components: thread system filesystem program_options regex iostreams date_time \n'}
[1.481328] (turtlebot3_gazebo) StdoutLine: {'line': b'-- Found Protobuf: /usr/lib/x86_64-linux-gnu/libprotobuf.so (found version "3.12.4") \n'}
[1.503484] (-) TimerEvent: {}
[1.538701] (turtlebot3_gazebo) StdoutLine: {'line': b'-- Looking for ignition-math6 -- found version 6.15.0\n'}
[1.603597] (-) TimerEvent: {}
[1.639442] (kalman_filter) Command: {'cmd': ['/usr/bin/python3', 'setup.py', 'develop', '--editable', '--build-directory', '/home/ammar/turtlebot3_localization/build/kalman_filter/build', '--no-deps', 'install_data'], 'cwd': '/home/ammar/turtlebot3_localization/build/kalman_filter', 'env': {'GJS_DEBUG_TOPICS': 'JS ERROR;JS LOG', 'LESSOPEN': '| /usr/bin/lesspipe %s', 'LANGUAGE': 'en_US:en', 'USER': 'ammar', 'LC_TIME': 'ar_EG.UTF-8', 'XDG_SESSION_TYPE': 'x11', 'SHLVL': '1', 'LD_LIBRARY_PATH': '/usr/lib/x86_64-linux-gnu/gazebo-11/plugins:/opt/ros/humble/opt/rviz_ogre_vendor/lib:/opt/ros/humble/lib/x86_64-linux-gnu:/opt/ros/humble/lib', 'HOME': '/home/ammar', 'CONDA_SHLVL': '0', 'OLDPWD': '/home/ammar', 'DESKTOP_SESSION': 'ubuntu', 'GIO_LAUNCHED_DESKTOP_FILE': '/usr/share/applications/terminator.desktop', 'ROS_PYTHON_VERSION': '3', 'GNOME_SHELL_SESSION_MODE': 'ubuntu', 'GTK_MODULES': 'gail:atk-bridge', 'LC_MONETARY': 'ar_EG.UTF-8', 'MANAGERPID': '1649', 'SYSTEMD_EXEC_PID': '2109', 'DBUS_SESSION_BUS_ADDRESS': 'unix:path=/run/user/1000/bus', 'COLORTERM': 'truecolor', '_CE_M': '', 'TERMINATOR_DBUS_NAME': 'net.tenshu.Terminator23558193cd9818af7fe4d2c2f5bd9d00f', 'GIO_LAUNCHED_DESKTOP_FILE_PID': '2624', 'COLCON_PREFIX_PATH': '/home/ammar/ros2_ws/install', 'ROS_DISTRO': 'humble', 'GTK_IM_MODULE': 'ibus', 'LOGNAME': 'ammar', 'JOURNAL_STREAM': '8:18170', '_': '/usr/bin/colcon', 'ROS_VERSION': '2', 'XDG_SESSION_CLASS': 'user', 'USERNAME': 'ammar', 'TERM': 'xterm-256color', 'GNOME_DESKTOP_SESSION_ID': 'this-is-deprecated', '_CE_CONDA': '', 'ROS_LOCALHOST_ONLY': '0', 'WINDOWPATH': '2', 'PATH': '/home/ammar/anaconda3/condabin:/opt/ros/humble/bin:/usr/local/sbin:/usr/local/bin:/usr/sbin:/usr/bin:/sbin:/bin:/usr/games:/usr/local/games:/snap/bin:/snap/bin', 'SESSION_MANAGER': 'local/ammars-machine:@/tmp/.ICE-unix/2081,unix/ammars-machine:/tmp/.ICE-unix/2081', 'INVOCATION_ID': 'f6d1483e31c54fb5a0a2100081a86de2', 'PAPERSIZE': 'a4', 'XDG_MENU_PREFIX': 'gnome-', 'LC_ADDRESS': 'ar_EG.UTF-8', 'XDG_RUNTIME_DIR': '/run/user/1000', 'DISPLAY': ':1', 'TERMINATOR_DBUS_PATH': '/net/tenshu/Terminator2', 'LANG': 'en_US.UTF-8', 'XDG_CURRENT_DESKTOP': 'ubuntu:GNOME', 'IBUS_DISABLE_SNOOPER': '1', 'LC_TELEPHONE': 'ar_EG.UTF-8', 'XMODIFIERS': '@im=ibus', 'XDG_SESSION_DESKTOP': 'ubuntu', 'XAUTHORITY': '/run/user/1000/gdm/Xauthority', 'LS_COLORS': 'rs=0:di=01;34:ln=01;36:mh=00:pi=40;33:so=01;35:do=01;35:bd=40;33;01:cd=40;33;01:or=40;31;01:mi=00:su=37;41:sg=30;43:ca=30;41:tw=30;42:ow=34;42:st=37;44:ex=01;32:*.tar=01;31:*.tgz=01;31:*.arc=01;31:*.arj=01;31:*.taz=01;31:*.lha=01;31:*.lz4=01;31:*.lzh=01;31:*.lzma=01;31:*.tlz=01;31:*.txz=01;31:*.tzo=01;31:*.t7z=01;31:*.zip=01;31:*.z=01;31:*.dz=01;31:*.gz=01;31:*.lrz=01;31:*.lz=01;31:*.lzo=01;31:*.xz=01;31:*.zst=01;31:*.tzst=01;31:*.bz2=01;31:*.bz=01;31:*.tbz=01;31:*.tbz2=01;31:*.tz=01;31:*.deb=01;31:*.rpm=01;31:*.jar=01;31:*.war=01;31:*.ear=01;31:*.sar=01;31:*.rar=01;31:*.alz=01;31:*.ace=01;31:*.zoo=01;31:*.cpio=01;31:*.7z=01;31:*.rz=01;31:*.cab=01;31:*.wim=01;31:*.swm=01;31:*.dwm=01;31:*.esd=01;31:*.jpg=01;35:*.jpeg=01;35:*.mjpg=01;35:*.mjpeg=01;35:*.gif=01;35:*.bmp=01;35:*.pbm=01;35:*.pgm=01;35:*.ppm=01;35:*.tga=01;35:*.xbm=01;35:*.xpm=01;35:*.tif=01;35:*.tiff=01;35:*.png=01;35:*.svg=01;35:*.svgz=01;35:*.mng=01;35:*.pcx=01;35:*.mov=01;35:*.mpg=01;35:*.mpeg=01;35:*.m2v=01;35:*.mkv=01;35:*.webm=01;35:*.webp=01;35:*.ogm=01;35:*.mp4=01;35:*.m4v=01;35:*.mp4v=01;35:*.vob=01;35:*.qt=01;35:*.nuv=01;35:*.wmv=01;35:*.asf=01;35:*.rm=01;35:*.rmvb=01;35:*.flc=01;35:*.avi=01;35:*.fli=01;35:*.flv=01;35:*.gl=01;35:*.dl=01;35:*.xcf=01;35:*.xwd=01;35:*.yuv=01;35:*.cgm=01;35:*.emf=01;35:*.ogv=01;35:*.ogx=01;35:*.aac=00;36:*.au=00;36:*.flac=00;36:*.m4a=00;36:*.mid=00;36:*.midi=00;36:*.mka=00;36:*.mp3=00;36:*.mpc=00;36:*.ogg=00;36:*.ra=00;36:*.wav=00;36:*.oga=00;36:*.opus=00;36:*.spx=00;36:*.xspf=00;36:', 'SSH_AGENT_LAUNCHER': 'gnome-keyring', 'SSH_AUTH_SOCK': '/run/user/1000/keyring/ssh', 'AMENT_PREFIX_PATH': '/home/ammar/ros2_ws/install/my_robot_bringup:/home/ammar/ros2_ws/install/my_robot_controller:/opt/ros/humble', 'CONDA_PYTHON_EXE': '/home/ammar/anaconda3/bin/python', 'SHELL': '/bin/bash', 'LC_NAME': 'ar_EG.UTF-8', 'TERMINATOR_UUID': 'urn:uuid:ae12983b-cf6e-47b7-ad1a-485ddede5d41', 'QT_ACCESSIBILITY': '1', 'GDMSESSION': 'ubuntu', 'LESSCLOSE': '/usr/bin/lesspipe %s %s', 'LC_MEASUREMENT': 'ar_EG.UTF-8', 'GPG_AGENT_INFO': '/run/user/1000/gnupg/S.gpg-agent:0:1', 'GJS_DEBUG_OUTPUT': 'stderr', 'LC_IDENTIFICATION': 'ar_EG.UTF-8', 'QT_IM_MODULE': 'ibus', 'PWD': '/home/ammar/turtlebot3_localization/build/kalman_filter', 'XDG_CONFIG_DIRS': '/etc/xdg/xdg-ubuntu:/etc/xdg', 'CONDA_EXE': '/home/ammar/anaconda3/bin/conda', 'XDG_DATA_DIRS': '/usr/share/ubuntu:/usr/share/gnome:/usr/local/share/:/usr/share/:/var/lib/snapd/desktop', 'PYTHONPATH': '/home/ammar/turtlebot3_localization/build/kalman_filter/prefix_override:/home/ammar/turtlebot3_localization/install/kalman_filter/lib/python3.10/site-packages:/home/ammar/ros2_ws/build/my_robot_controller:/home/ammar/ros2_ws/install/my_robot_controller/lib/python3.10/site-packages:/opt/ros/humble/lib/python3.10/site-packages:/opt/ros/humble/local/lib/python3.10/dist-packages', 'LC_NUMERIC': 'ar_EG.UTF-8', 'LC_PAPER': 'ar_EG.UTF-8', 'COLCON': '1', 'VTE_VERSION': '6800', 'CMAKE_PREFIX_PATH': '/home/ammar/ros2_ws/install/my_robot_bringup'}, 'shell': False}
[1.684182] (turtlebot3_gazebo) StdoutLine: {'line': b'-- Searching for dependencies of ignition-math6\n'}
[1.685435] (turtlebot3_gazebo) StdoutLine: {'line': b'-- Looking for OGRE...\n'}
[1.685862] (turtlebot3_gazebo) StdoutLine: {'line': b'-- OGRE_PREFIX_WATCH changed.\n'}
[1.689188] (turtlebot3_gazebo) StdoutLine: {'line': b"-- Checking for module 'OGRE'\n"}
[1.696448] (turtlebot3_gazebo) StdoutLine: {'line': b'--   Found OGRE, version 1.9.0\n'}
[1.703676] (-) TimerEvent: {}
[1.713897] (turtlebot3_gazebo) StdoutLine: {'line': b'-- Found Ogre Ghadamon (1.9.0)\n'}
[1.720717] (turtlebot3_gazebo) StdoutLine: {'line': b'-- Found OGRE: optimized;/usr/lib/x86_64-linux-gnu/libOgreMain.so;debug;/usr/lib/x86_64-linux-gnu/libOgreMain.so\n'}
[1.727832] (turtlebot3_gazebo) StdoutLine: {'line': b'-- Looking for OGRE_Paging...\n'}
[1.731490] (turtlebot3_gazebo) StdoutLine: {'line': b'-- Found OGRE_Paging: optimized;/usr/lib/x86_64-linux-gnu/libOgrePaging.so;debug;/usr/lib/x86_64-linux-gnu/libOgrePaging.so\n'}
[1.731735] (turtlebot3_gazebo) StdoutLine: {'line': b'-- Looking for OGRE_Terrain...\n'}
[1.735063] (turtlebot3_gazebo) StdoutLine: {'line': b'-- Found OGRE_Terrain: optimized;/usr/lib/x86_64-linux-gnu/libOgreTerrain.so;debug;/usr/lib/x86_64-linux-gnu/libOgreTerrain.so\n'}
[1.735178] (turtlebot3_gazebo) StdoutLine: {'line': b'-- Looking for OGRE_Property...\n'}
[1.738486] (turtlebot3_gazebo) StdoutLine: {'line': b'-- Found OGRE_Property: optimized;/usr/lib/x86_64-linux-gnu/libOgreProperty.so;debug;/usr/lib/x86_64-linux-gnu/libOgreProperty.so\n'}
[1.738726] (turtlebot3_gazebo) StdoutLine: {'line': b'-- Looking for OGRE_RTShaderSystem...\n'}
[1.742036] (turtlebot3_gazebo) StdoutLine: {'line': b'-- Found OGRE_RTShaderSystem: optimized;/usr/lib/x86_64-linux-gnu/libOgreRTShaderSystem.so;debug;/usr/lib/x86_64-linux-gnu/libOgreRTShaderSystem.so\n'}
[1.742291] (turtlebot3_gazebo) StdoutLine: {'line': b'-- Looking for OGRE_Volume...\n'}
[1.745646] (turtlebot3_gazebo) StdoutLine: {'line': b'-- Found OGRE_Volume: optimized;/usr/lib/x86_64-linux-gnu/libOgreVolume.so;debug;/usr/lib/x86_64-linux-gnu/libOgreVolume.so\n'}
[1.745904] (turtlebot3_gazebo) StdoutLine: {'line': b'-- Looking for OGRE_Overlay...\n'}
[1.748981] (turtlebot3_gazebo) StdoutLine: {'line': b'-- Found OGRE_Overlay: optimized;/usr/lib/x86_64-linux-gnu/libOgreOverlay.so;debug;/usr/lib/x86_64-linux-gnu/libOgreOverlay.so\n'}
[1.803786] (-) TimerEvent: {}
[1.830558] (turtlebot3_gazebo) StdoutLine: {'line': b'-- Looking for ignition-math6 -- found version 6.15.0\n'}
[1.832290] (turtlebot3_gazebo) StdoutLine: {'line': b'-- Looking for ignition-transport8 -- found version 8.2.1\n'}
[1.832679] (turtlebot3_gazebo) StdoutLine: {'line': b'-- Searching for dependencies of ignition-transport8\n'}
[1.844909] (turtlebot3_gazebo) StdoutLine: {'line': b'-- Found Protobuf: /usr/lib/x86_64-linux-gnu/libprotobuf.so (found suitable version "3.12.4", minimum required is "3") \n'}
[1.849704] (kalman_filter) StdoutLine: {'line': b'running develop\n'}
[1.852380] (turtlebot3_gazebo) StdoutLine: {'line': b'-- Config-file not installed for ZeroMQ -- checking for pkg-config\n'}
[1.855665] (turtlebot3_gazebo) StdoutLine: {'line': b"-- Checking for module 'libzmq >= 4'\n"}
[1.903895] (-) TimerEvent: {}
[1.952967] (turtlebot3_gazebo) StdoutLine: {'line': b'--   Found libzmq , version 4.3.4\n'}
[1.973507] (turtlebot3_gazebo) StdoutLine: {'line': b'-- Found ZeroMQ: TRUE (Required is at least version "4") \n'}
[1.984565] (kalman_filter) StdoutLine: {'line': b'running egg_info\n'}
[1.984701] (kalman_filter) StdoutLine: {'line': b'creating kalman_filter.egg-info\n'}
[1.984823] (kalman_filter) StdoutLine: {'line': b'writing kalman_filter.egg-info/PKG-INFO\n'}
[1.984953] (kalman_filter) StdoutLine: {'line': b'writing dependency_links to kalman_filter.egg-info/dependency_links.txt\n'}
[1.985007] (kalman_filter) StdoutLine: {'line': b'writing entry points to kalman_filter.egg-info/entry_points.txt\n'}
[1.985084] (kalman_filter) StdoutLine: {'line': b'writing requirements to kalman_filter.egg-info/requires.txt\n'}
[1.985151] (kalman_filter) StdoutLine: {'line': b'writing top-level names to kalman_filter.egg-info/top_level.txt\n'}
[1.985216] (kalman_filter) StdoutLine: {'line': b"writing manifest file 'kalman_filter.egg-info/SOURCES.txt'\n"}
[1.986405] (kalman_filter) StdoutLine: {'line': b"reading manifest file 'kalman_filter.egg-info/SOURCES.txt'\n"}
[1.986809] (kalman_filter) StdoutLine: {'line': b"writing manifest file 'kalman_filter.egg-info/SOURCES.txt'\n"}
[1.987717] (kalman_filter) StdoutLine: {'line': b'running build_ext\n'}
[1.987908] (kalman_filter) StdoutLine: {'line': b'Creating /home/ammar/turtlebot3_localization/install/kalman_filter/lib/python3.10/site-packages/kalman-filter.egg-link (link to .)\n'}
[1.988410] (kalman_filter) StdoutLine: {'line': b'Installing KalmanFilter script to /home/ammar/turtlebot3_localization/install/kalman_filter/lib/kalman_filter\n'}
[1.988511] (kalman_filter) StdoutLine: {'line': b'Installing Noise script to /home/ammar/turtlebot3_localization/install/kalman_filter/lib/kalman_filter\n'}
[1.988629] (kalman_filter) StdoutLine: {'line': b'\n'}
[1.988680] (kalman_filter) StdoutLine: {'line': b'Installed /home/ammar/turtlebot3_localization/build/kalman_filter\n'}
[1.988729] (kalman_filter) StdoutLine: {'line': b'running install_data\n'}
[1.988813] (kalman_filter) StdoutLine: {'line': b'creating /home/ammar/turtlebot3_localization/install/kalman_filter/share/ament_index\n'}
[1.988865] (kalman_filter) StdoutLine: {'line': b'creating /home/ammar/turtlebot3_localization/install/kalman_filter/share/ament_index/resource_index\n'}
[1.988912] (kalman_filter) StdoutLine: {'line': b'creating /home/ammar/turtlebot3_localization/install/kalman_filter/share/ament_index/resource_index/packages\n'}
[1.988959] (kalman_filter) StdoutLine: {'line': b'copying resource/kalman_filter -> /home/ammar/turtlebot3_localization/install/kalman_filter/share/ament_index/resource_index/packages\n'}
[1.989022] (kalman_filter) StdoutLine: {'line': b'copying package.xml -> /home/ammar/turtlebot3_localization/install/kalman_filter/share/kalman_filter\n'}
[1.993703] (turtlebot3_gazebo) StdoutLine: {'line': b"-- Checking for module 'uuid'\n"}
[2.004022] (-) TimerEvent: {}
[2.009857] (kalman_filter) CommandEnded: {'returncode': 0}
[2.014378] (turtlebot3_gazebo) StdoutLine: {'line': b'--   Found uuid, version 2.37.2\n'}
[2.036931] (turtlebot3_gazebo) StdoutLine: {'line': b'-- Found UUID: TRUE  \n'}
[2.039386] (turtlebot3_gazebo) StdoutLine: {'line': b'-- Looking for ignition-msgs5 -- found version 5.8.1\n'}
[2.039841] (turtlebot3_gazebo) StdoutLine: {'line': b'-- Searching for dependencies of ignition-msgs5\n'}
[2.059659] (turtlebot3_gazebo) StdoutLine: {'line': b'-- Looking for ignition-math6 -- found version 6.15.0\n'}
[2.064015] (turtlebot3_gazebo) StdoutLine: {'line': b"-- Checking for module 'tinyxml2'\n"}
[2.081332] (turtlebot3_gazebo) StdoutLine: {'line': b'--   Found tinyxml2, version 9.0.0\n'}
[2.086931] (kalman_filter) JobEnded: {'identifier': 'kalman_filter', 'rc': 0}
[2.100802] (turtlebot3_gazebo) StdoutLine: {'line': b'-- Looking for ignition-msgs5 -- found version 5.8.1\n'}
[2.102250] (turtlebot3_gazebo) StdoutLine: {'line': b'-- Looking for ignition-common3 -- found version 3.14.0\n'}
[2.102671] (turtlebot3_gazebo) StdoutLine: {'line': b'-- Searching for dependencies of ignition-common3\n'}
[2.103047] (turtlebot3_gazebo) StdoutLine: {'line': b'-- Looking for dlfcn.h - found\n'}
[2.103661] (turtlebot3_gazebo) StdoutLine: {'line': b'-- Looking for libdl - found\n'}
[2.104074] (-) TimerEvent: {}
[2.104615] (turtlebot3_gazebo) StdoutLine: {'line': b'-- Found DL: TRUE  \n'}
[2.112091] (turtlebot3_gazebo) StdoutLine: {'line': b'-- Found tinyobjloader: /usr/lib/x86_64-linux-gnu/cmake/tinyobjloader/tinyobjloader-config.cmake (found version "2.0.0") \n'}
[2.112476] (turtlebot3_gazebo) StdoutLine: {'line': b'-- Searching for <ignition-common3> component [graphics]\n'}
[2.114004] (turtlebot3_gazebo) StdoutLine: {'line': b'-- Looking for ignition-common3-graphics -- found version 3.14.0\n'}
[2.114392] (turtlebot3_gazebo) StdoutLine: {'line': b'-- Searching for dependencies of ignition-common3-graphics\n'}
[2.114673] (turtlebot3_gazebo) StdoutLine: {'line': b'-- Looking for ignition-math6 -- found version 6.15.0\n'}
[2.116615] (turtlebot3_gazebo) StdoutLine: {'line': b'-- Looking for ignition-fuel_tools4 -- found version 4.4.0\n'}
[2.116995] (turtlebot3_gazebo) StdoutLine: {'line': b'-- Searching for dependencies of ignition-fuel_tools4\n'}
[2.183559] (turtlebot3_gazebo) StdoutLine: {'line': b'-- Found CURL: /usr/lib/x86_64-linux-gnu/libcurl.so (found version "7.81.0")  \n'}
[2.204201] (-) TimerEvent: {}
[2.255943] (turtlebot3_gazebo) StdoutLine: {'line': b"-- Checking for module 'jsoncpp'\n"}
[2.263511] (turtlebot3_gazebo) StdoutLine: {'line': b'--   Found jsoncpp, version 1.9.5\n'}
[2.280902] (turtlebot3_gazebo) StdoutLine: {'line': b'-- Found JSONCPP: TRUE  \n'}
[2.285016] (turtlebot3_gazebo) StdoutLine: {'line': b"-- Checking for module 'libzip'\n"}
[2.292154] (turtlebot3_gazebo) StdoutLine: {'line': b'--   Found libzip, version 1.7.3\n'}
[2.304313] (-) TimerEvent: {}
[2.309859] (turtlebot3_gazebo) StdoutLine: {'line': b'-- Found ZIP: TRUE  \n'}
[2.310240] (turtlebot3_gazebo) StdoutLine: {'line': b'-- Looking for ignition-common3 -- found version 3.14.0\n'}
[2.310620] (turtlebot3_gazebo) StdoutLine: {'line': b'-- Looking for ignition-math6 -- found version 6.15.0\n'}
[2.311001] (turtlebot3_gazebo) StdoutLine: {'line': b'-- Looking for ignition-msgs5 -- found version 5.8.1\n'}
[2.336704] (turtlebot3_gazebo) StdoutLine: {'line': b'-- Found gazebo_ros_pkgs: 3.7.0 (/opt/ros/humble/share/gazebo_ros_pkgs/cmake)\n'}
[2.337847] (turtlebot3_gazebo) StdoutLine: {'line': b'-- Found geometry_msgs: 4.2.3 (/opt/ros/humble/share/geometry_msgs/cmake)\n'}
[2.360874] (turtlebot3_gazebo) StdoutLine: {'line': b'-- Found rosidl_generator_c: 3.1.5 (/opt/ros/humble/share/rosidl_generator_c/cmake)\n'}
[2.364546] (turtlebot3_gazebo) StdoutLine: {'line': b'-- Found rosidl_adapter: 3.1.5 (/opt/ros/humble/share/rosidl_adapter/cmake)\n'}
[2.370973] (turtlebot3_gazebo) StdoutLine: {'line': b'-- Found rosidl_generator_cpp: 3.1.5 (/opt/ros/humble/share/rosidl_generator_cpp/cmake)\n'}
[2.381488] (turtlebot3_gazebo) StdoutLine: {'line': b'-- Using all available rosidl_typesupport_c: rosidl_typesupport_fastrtps_c;rosidl_typesupport_introspection_c\n'}
[2.396539] (turtlebot3_gazebo) StdoutLine: {'line': b'-- Using all available rosidl_typesupport_cpp: rosidl_typesupport_fastrtps_cpp;rosidl_typesupport_introspection_cpp\n'}
[2.404425] (-) TimerEvent: {}
[2.498266] (turtlebot3_gazebo) StdoutLine: {'line': b'-- Found nav_msgs: 4.2.3 (/opt/ros/humble/share/nav_msgs/cmake)\n'}
[2.504517] (-) TimerEvent: {}
[2.568100] (turtlebot3_gazebo) StdoutLine: {'line': b'-- Found rclcpp: 16.0.6 (/opt/ros/humble/share/rclcpp/cmake)\n'}
[2.604637] (-) TimerEvent: {}
[2.613795] (turtlebot3_gazebo) StdoutLine: {'line': b'-- Found rmw_implementation_cmake: 6.1.1 (/opt/ros/humble/share/rmw_implementation_cmake/cmake)\n'}
[2.615735] (turtlebot3_gazebo) StdoutLine: {'line': b'-- Found rmw_fastrtps_cpp: 6.2.4 (/opt/ros/humble/share/rmw_fastrtps_cpp/cmake)\n'}
[2.683226] (turtlebot3_gazebo) StdoutLine: {'line': b'-- Found OpenSSL: /usr/lib/x86_64-linux-gnu/libcrypto.so (found version "3.0.2")  \n'}
[2.700489] (turtlebot3_gazebo) StdoutLine: {'line': b'-- Found FastRTPS: /opt/ros/humble/include  \n'}
[2.704726] (-) TimerEvent: {}
[2.735836] (turtlebot3_gazebo) StdoutLine: {'line': b"-- Using RMW implementation 'rmw_fastrtps_cpp' as default\n"}
[2.743395] (turtlebot3_gazebo) StdoutLine: {'line': b'-- Found Threads: TRUE  \n'}
[2.804851] (-) TimerEvent: {}
[2.846546] (turtlebot3_gazebo) StdoutLine: {'line': b'-- Found sensor_msgs: 4.2.3 (/opt/ros/humble/share/sensor_msgs/cmake)\n'}
[2.904972] (-) TimerEvent: {}
[2.915320] (turtlebot3_gazebo) StdoutLine: {'line': b'-- Found tf2: 0.25.4 (/opt/ros/humble/share/tf2/cmake)\n'}
[2.975463] (turtlebot3_gazebo) StdoutLine: {'line': b'-- Configuring done\n'}
[3.005096] (-) TimerEvent: {}
[3.105435] (-) TimerEvent: {}
[3.205719] (-) TimerEvent: {}
[3.306007] (-) TimerEvent: {}
[3.363466] (turtlebot3_gazebo) StdoutLine: {'line': b'-- Generating done\n'}
[3.365078] (turtlebot3_gazebo) StdoutLine: {'line': b'-- Build files have been written to: /home/ammar/turtlebot3_localization/build/turtlebot3_gazebo\n'}
[3.372400] (turtlebot3_gazebo) CommandEnded: {'returncode': 0}
[3.373013] (turtlebot3_gazebo) JobProgress: {'identifier': 'turtlebot3_gazebo', 'progress': 'build'}
[3.373441] (turtlebot3_gazebo) Command: {'cmd': ['/usr/bin/cmake', '--build', '/home/ammar/turtlebot3_localization/build/turtlebot3_gazebo', '--', '-j12', '-l12'], 'cwd': '/home/ammar/turtlebot3_localization/build/turtlebot3_gazebo', 'env': OrderedDict([('GJS_DEBUG_TOPICS', 'JS ERROR;JS LOG'), ('LESSOPEN', '| /usr/bin/lesspipe %s'), ('LANGUAGE', 'en_US:en'), ('USER', 'ammar'), ('LC_TIME', 'ar_EG.UTF-8'), ('XDG_SESSION_TYPE', 'x11'), ('SHLVL', '1'), ('LD_LIBRARY_PATH', '/usr/lib/x86_64-linux-gnu/gazebo-11/plugins:/opt/ros/humble/opt/rviz_ogre_vendor/lib:/opt/ros/humble/lib/x86_64-linux-gnu:/opt/ros/humble/lib'), ('HOME', '/home/ammar'), ('CONDA_SHLVL', '0'), ('OLDPWD', '/home/ammar'), ('DESKTOP_SESSION', 'ubuntu'), ('GIO_LAUNCHED_DESKTOP_FILE', '/usr/share/applications/terminator.desktop'), ('ROS_PYTHON_VERSION', '3'), ('GNOME_SHELL_SESSION_MODE', 'ubuntu'), ('GTK_MODULES', 'gail:atk-bridge'), ('LC_MONETARY', 'ar_EG.UTF-8'), ('MANAGERPID', '1649'), ('SYSTEMD_EXEC_PID', '2109'), ('DBUS_SESSION_BUS_ADDRESS', 'unix:path=/run/user/1000/bus'), ('COLORTERM', 'truecolor'), ('_CE_M', ''), ('TERMINATOR_DBUS_NAME', 'net.tenshu.Terminator23558193cd9818af7fe4d2c2f5bd9d00f'), ('GIO_LAUNCHED_DESKTOP_FILE_PID', '2624'), ('COLCON_PREFIX_PATH', '/home/ammar/ros2_ws/install'), ('ROS_DISTRO', 'humble'), ('GTK_IM_MODULE', 'ibus'), ('LOGNAME', 'ammar'), ('JOURNAL_STREAM', '8:18170'), ('_', '/usr/bin/colcon'), ('ROS_VERSION', '2'), ('XDG_SESSION_CLASS', 'user'), ('USERNAME', 'ammar'), ('TERM', 'xterm-256color'), ('GNOME_DESKTOP_SESSION_ID', 'this-is-deprecated'), ('_CE_CONDA', ''), ('ROS_LOCALHOST_ONLY', '0'), ('WINDOWPATH', '2'), ('PATH', '/home/ammar/anaconda3/condabin:/opt/ros/humble/bin:/usr/local/sbin:/usr/local/bin:/usr/sbin:/usr/bin:/sbin:/bin:/usr/games:/usr/local/games:/snap/bin:/snap/bin'), ('SESSION_MANAGER', 'local/ammars-machine:@/tmp/.ICE-unix/2081,unix/ammars-machine:/tmp/.ICE-unix/2081'), ('INVOCATION_ID', 'f6d1483e31c54fb5a0a2100081a86de2'), ('PAPERSIZE', 'a4'), ('XDG_MENU_PREFIX', 'gnome-'), ('LC_ADDRESS', 'ar_EG.UTF-8'), ('XDG_RUNTIME_DIR', '/run/user/1000'), ('DISPLAY', ':1'), ('TERMINATOR_DBUS_PATH', '/net/tenshu/Terminator2'), ('LANG', 'en_US.UTF-8'), ('XDG_CURRENT_DESKTOP', 'ubuntu:GNOME'), ('IBUS_DISABLE_SNOOPER', '1'), ('LC_TELEPHONE', 'ar_EG.UTF-8'), ('XMODIFIERS', '@im=ibus'), ('XDG_SESSION_DESKTOP', 'ubuntu'), ('XAUTHORITY', '/run/user/1000/gdm/Xauthority'), ('LS_COLORS', 'rs=0:di=01;34:ln=01;36:mh=00:pi=40;33:so=01;35:do=01;35:bd=40;33;01:cd=40;33;01:or=40;31;01:mi=00:su=37;41:sg=30;43:ca=30;41:tw=30;42:ow=34;42:st=37;44:ex=01;32:*.tar=01;31:*.tgz=01;31:*.arc=01;31:*.arj=01;31:*.taz=01;31:*.lha=01;31:*.lz4=01;31:*.lzh=01;31:*.lzma=01;31:*.tlz=01;31:*.txz=01;31:*.tzo=01;31:*.t7z=01;31:*.zip=01;31:*.z=01;31:*.dz=01;31:*.gz=01;31:*.lrz=01;31:*.lz=01;31:*.lzo=01;31:*.xz=01;31:*.zst=01;31:*.tzst=01;31:*.bz2=01;31:*.bz=01;31:*.tbz=01;31:*.tbz2=01;31:*.tz=01;31:*.deb=01;31:*.rpm=01;31:*.jar=01;31:*.war=01;31:*.ear=01;31:*.sar=01;31:*.rar=01;31:*.alz=01;31:*.ace=01;31:*.zoo=01;31:*.cpio=01;31:*.7z=01;31:*.rz=01;31:*.cab=01;31:*.wim=01;31:*.swm=01;31:*.dwm=01;31:*.esd=01;31:*.jpg=01;35:*.jpeg=01;35:*.mjpg=01;35:*.mjpeg=01;35:*.gif=01;35:*.bmp=01;35:*.pbm=01;35:*.pgm=01;35:*.ppm=01;35:*.tga=01;35:*.xbm=01;35:*.xpm=01;35:*.tif=01;35:*.tiff=01;35:*.png=01;35:*.svg=01;35:*.svgz=01;35:*.mng=01;35:*.pcx=01;35:*.mov=01;35:*.mpg=01;35:*.mpeg=01;35:*.m2v=01;35:*.mkv=01;35:*.webm=01;35:*.webp=01;35:*.ogm=01;35:*.mp4=01;35:*.m4v=01;35:*.mp4v=01;35:*.vob=01;35:*.qt=01;35:*.nuv=01;35:*.wmv=01;35:*.asf=01;35:*.rm=01;35:*.rmvb=01;35:*.flc=01;35:*.avi=01;35:*.fli=01;35:*.flv=01;35:*.gl=01;35:*.dl=01;35:*.xcf=01;35:*.xwd=01;35:*.yuv=01;35:*.cgm=01;35:*.emf=01;35:*.ogv=01;35:*.ogx=01;35:*.aac=00;36:*.au=00;36:*.flac=00;36:*.m4a=00;36:*.mid=00;36:*.midi=00;36:*.mka=00;36:*.mp3=00;36:*.mpc=00;36:*.ogg=00;36:*.ra=00;36:*.wav=00;36:*.oga=00;36:*.opus=00;36:*.spx=00;36:*.xspf=00;36:'), ('SSH_AGENT_LAUNCHER', 'gnome-keyring'), ('SSH_AUTH_SOCK', '/run/user/1000/keyring/ssh'), ('AMENT_PREFIX_PATH', '/home/ammar/ros2_ws/install/my_robot_bringup:/home/ammar/ros2_ws/install/my_robot_controller:/opt/ros/humble'), ('CONDA_PYTHON_EXE', '/home/ammar/anaconda3/bin/python'), ('SHELL', '/bin/bash'), ('LC_NAME', 'ar_EG.UTF-8'), ('TERMINATOR_UUID', 'urn:uuid:ae12983b-cf6e-47b7-ad1a-485ddede5d41'), ('QT_ACCESSIBILITY', '1'), ('GDMSESSION', 'ubuntu'), ('LESSCLOSE', '/usr/bin/lesspipe %s %s'), ('LC_MEASUREMENT', 'ar_EG.UTF-8'), ('GPG_AGENT_INFO', '/run/user/1000/gnupg/S.gpg-agent:0:1'), ('GJS_DEBUG_OUTPUT', 'stderr'), ('LC_IDENTIFICATION', 'ar_EG.UTF-8'), ('QT_IM_MODULE', 'ibus'), ('PWD', '/home/ammar/turtlebot3_localization/build/turtlebot3_gazebo'), ('XDG_CONFIG_DIRS', '/etc/xdg/xdg-ubuntu:/etc/xdg'), ('CONDA_EXE', '/home/ammar/anaconda3/bin/conda'), ('XDG_DATA_DIRS', '/usr/share/ubuntu:/usr/share/gnome:/usr/local/share/:/usr/share/:/var/lib/snapd/desktop'), ('PYTHONPATH', '/home/ammar/ros2_ws/build/my_robot_controller:/home/ammar/ros2_ws/install/my_robot_controller/lib/python3.10/site-packages:/opt/ros/humble/lib/python3.10/site-packages:/opt/ros/humble/local/lib/python3.10/dist-packages'), ('LC_NUMERIC', 'ar_EG.UTF-8'), ('LC_PAPER', 'ar_EG.UTF-8'), ('COLCON', '1'), ('VTE_VERSION', '6800'), ('CMAKE_PREFIX_PATH', '/home/ammar/ros2_ws/install/my_robot_bringup:/home/ammar/ros2_ws/install/my_robot_controller:/opt/ros/humble')]), 'shell': False}
[3.406108] (-) TimerEvent: {}
[3.409084] (turtlebot3_gazebo) StdoutLine: {'line': b'[ 50%] \x1b[32mBuilding CXX object CMakeFiles/obstacle2.dir/models/turtlebot3_dqn_world/obstacle_plugin/obstacle2.cc.o\x1b[0m\n'}
[3.409267] (turtlebot3_gazebo) StdoutLine: {'line': b'[ 50%] \x1b[32mBuilding CXX object CMakeFiles/obstacles.dir/models/turtlebot3_dqn_world/obstacle_plugin/obstacles.cc.o\x1b[0m\n'}
[3.409363] (turtlebot3_gazebo) StdoutLine: {'line': b'[ 50%] \x1b[32mBuilding CXX object CMakeFiles/obstacle1.dir/models/turtlebot3_dqn_world/obstacle_plugin/obstacle1.cc.o\x1b[0m\n'}
[3.409470] (turtlebot3_gazebo) StdoutLine: {'line': b'[ 50%] \x1b[32mBuilding CXX object CMakeFiles/turtlebot3_drive.dir/src/turtlebot3_drive.cpp.o\x1b[0m\n'}
[3.506192] (-) TimerEvent: {}
[3.606447] (-) TimerEvent: {}
[3.706706] (-) TimerEvent: {}
[3.806963] (-) TimerEvent: {}
[3.907204] (-) TimerEvent: {}
[4.007450] (-) TimerEvent: {}
[4.107720] (-) TimerEvent: {}
[4.207990] (-) TimerEvent: {}
[4.308230] (-) TimerEvent: {}
[4.408498] (-) TimerEvent: {}
[4.508757] (-) TimerEvent: {}
[4.608991] (-) TimerEvent: {}
[4.709250] (-) TimerEvent: {}
[4.809504] (-) TimerEvent: {}
[4.909734] (-) TimerEvent: {}
[5.009987] (-) TimerEvent: {}
[5.110257] (-) TimerEvent: {}
[5.210520] (-) TimerEvent: {}
[5.310761] (-) TimerEvent: {}
[5.411040] (-) TimerEvent: {}
[5.511264] (-) TimerEvent: {}
[5.611561] (-) TimerEvent: {}
[5.711802] (-) TimerEvent: {}
[5.812058] (-) TimerEvent: {}
[5.912306] (-) TimerEvent: {}
[6.012553] (-) TimerEvent: {}
[6.112822] (-) TimerEvent: {}
[6.213069] (-) TimerEvent: {}
[6.313307] (-) TimerEvent: {}
[6.413518] (-) TimerEvent: {}
[6.513752] (-) TimerEvent: {}
[6.613987] (-) TimerEvent: {}
[6.714233] (-) TimerEvent: {}
[6.814530] (-) TimerEvent: {}
[6.914776] (-) TimerEvent: {}
[7.015023] (-) TimerEvent: {}
[7.107334] (turtlebot3_fake_node) StdoutLine: {'line': b'[100%] \x1b[32m\x1b[1mLinking CXX executable turtlebot3_fake_node\x1b[0m\n'}
[7.115102] (-) TimerEvent: {}
[7.215341] (-) TimerEvent: {}
[7.315610] (-) TimerEvent: {}
[7.415859] (-) TimerEvent: {}
[7.470122] (turtlebot3_fake_node) StdoutLine: {'line': b'[100%] Built target turtlebot3_fake_node\n'}
[7.477879] (turtlebot3_fake_node) CommandEnded: {'returncode': 0}
[7.494068] (turtlebot3_fake_node) JobProgress: {'identifier': 'turtlebot3_fake_node', 'progress': 'install'}
[7.500804] (turtlebot3_fake_node) Command: {'cmd': ['/usr/bin/cmake', '--install', '/home/ammar/turtlebot3_localization/build/turtlebot3_fake_node'], 'cwd': '/home/ammar/turtlebot3_localization/build/turtlebot3_fake_node', 'env': OrderedDict([('GJS_DEBUG_TOPICS', 'JS ERROR;JS LOG'), ('LESSOPEN', '| /usr/bin/lesspipe %s'), ('LANGUAGE', 'en_US:en'), ('USER', 'ammar'), ('LC_TIME', 'ar_EG.UTF-8'), ('XDG_SESSION_TYPE', 'x11'), ('SHLVL', '1'), ('LD_LIBRARY_PATH', '/usr/lib/x86_64-linux-gnu/gazebo-11/plugins:/opt/ros/humble/opt/rviz_ogre_vendor/lib:/opt/ros/humble/lib/x86_64-linux-gnu:/opt/ros/humble/lib'), ('HOME', '/home/ammar'), ('CONDA_SHLVL', '0'), ('OLDPWD', '/home/ammar'), ('DESKTOP_SESSION', 'ubuntu'), ('GIO_LAUNCHED_DESKTOP_FILE', '/usr/share/applications/terminator.desktop'), ('ROS_PYTHON_VERSION', '3'), ('GNOME_SHELL_SESSION_MODE', 'ubuntu'), ('GTK_MODULES', 'gail:atk-bridge'), ('LC_MONETARY', 'ar_EG.UTF-8'), ('MANAGERPID', '1649'), ('SYSTEMD_EXEC_PID', '2109'), ('DBUS_SESSION_BUS_ADDRESS', 'unix:path=/run/user/1000/bus'), ('COLORTERM', 'truecolor'), ('_CE_M', ''), ('TERMINATOR_DBUS_NAME', 'net.tenshu.Terminator23558193cd9818af7fe4d2c2f5bd9d00f'), ('GIO_LAUNCHED_DESKTOP_FILE_PID', '2624'), ('COLCON_PREFIX_PATH', '/home/ammar/ros2_ws/install'), ('ROS_DISTRO', 'humble'), ('GTK_IM_MODULE', 'ibus'), ('LOGNAME', 'ammar'), ('JOURNAL_STREAM', '8:18170'), ('_', '/usr/bin/colcon'), ('ROS_VERSION', '2'), ('XDG_SESSION_CLASS', 'user'), ('USERNAME', 'ammar'), ('TERM', 'xterm-256color'), ('GNOME_DESKTOP_SESSION_ID', 'this-is-deprecated'), ('_CE_CONDA', ''), ('ROS_LOCALHOST_ONLY', '0'), ('WINDOWPATH', '2'), ('PATH', '/home/ammar/anaconda3/condabin:/opt/ros/humble/bin:/usr/local/sbin:/usr/local/bin:/usr/sbin:/usr/bin:/sbin:/bin:/usr/games:/usr/local/games:/snap/bin:/snap/bin'), ('SESSION_MANAGER', 'local/ammars-machine:@/tmp/.ICE-unix/2081,unix/ammars-machine:/tmp/.ICE-unix/2081'), ('INVOCATION_ID', 'f6d1483e31c54fb5a0a2100081a86de2'), ('PAPERSIZE', 'a4'), ('XDG_MENU_PREFIX', 'gnome-'), ('LC_ADDRESS', 'ar_EG.UTF-8'), ('XDG_RUNTIME_DIR', '/run/user/1000'), ('DISPLAY', ':1'), ('TERMINATOR_DBUS_PATH', '/net/tenshu/Terminator2'), ('LANG', 'en_US.UTF-8'), ('XDG_CURRENT_DESKTOP', 'ubuntu:GNOME'), ('IBUS_DISABLE_SNOOPER', '1'), ('LC_TELEPHONE', 'ar_EG.UTF-8'), ('XMODIFIERS', '@im=ibus'), ('XDG_SESSION_DESKTOP', 'ubuntu'), ('XAUTHORITY', '/run/user/1000/gdm/Xauthority'), ('LS_COLORS', 'rs=0:di=01;34:ln=01;36:mh=00:pi=40;33:so=01;35:do=01;35:bd=40;33;01:cd=40;33;01:or=40;31;01:mi=00:su=37;41:sg=30;43:ca=30;41:tw=30;42:ow=34;42:st=37;44:ex=01;32:*.tar=01;31:*.tgz=01;31:*.arc=01;31:*.arj=01;31:*.taz=01;31:*.lha=01;31:*.lz4=01;31:*.lzh=01;31:*.lzma=01;31:*.tlz=01;31:*.txz=01;31:*.tzo=01;31:*.t7z=01;31:*.zip=01;31:*.z=01;31:*.dz=01;31:*.gz=01;31:*.lrz=01;31:*.lz=01;31:*.lzo=01;31:*.xz=01;31:*.zst=01;31:*.tzst=01;31:*.bz2=01;31:*.bz=01;31:*.tbz=01;31:*.tbz2=01;31:*.tz=01;31:*.deb=01;31:*.rpm=01;31:*.jar=01;31:*.war=01;31:*.ear=01;31:*.sar=01;31:*.rar=01;31:*.alz=01;31:*.ace=01;31:*.zoo=01;31:*.cpio=01;31:*.7z=01;31:*.rz=01;31:*.cab=01;31:*.wim=01;31:*.swm=01;31:*.dwm=01;31:*.esd=01;31:*.jpg=01;35:*.jpeg=01;35:*.mjpg=01;35:*.mjpeg=01;35:*.gif=01;35:*.bmp=01;35:*.pbm=01;35:*.pgm=01;35:*.ppm=01;35:*.tga=01;35:*.xbm=01;35:*.xpm=01;35:*.tif=01;35:*.tiff=01;35:*.png=01;35:*.svg=01;35:*.svgz=01;35:*.mng=01;35:*.pcx=01;35:*.mov=01;35:*.mpg=01;35:*.mpeg=01;35:*.m2v=01;35:*.mkv=01;35:*.webm=01;35:*.webp=01;35:*.ogm=01;35:*.mp4=01;35:*.m4v=01;35:*.mp4v=01;35:*.vob=01;35:*.qt=01;35:*.nuv=01;35:*.wmv=01;35:*.asf=01;35:*.rm=01;35:*.rmvb=01;35:*.flc=01;35:*.avi=01;35:*.fli=01;35:*.flv=01;35:*.gl=01;35:*.dl=01;35:*.xcf=01;35:*.xwd=01;35:*.yuv=01;35:*.cgm=01;35:*.emf=01;35:*.ogv=01;35:*.ogx=01;35:*.aac=00;36:*.au=00;36:*.flac=00;36:*.m4a=00;36:*.mid=00;36:*.midi=00;36:*.mka=00;36:*.mp3=00;36:*.mpc=00;36:*.ogg=00;36:*.ra=00;36:*.wav=00;36:*.oga=00;36:*.opus=00;36:*.spx=00;36:*.xspf=00;36:'), ('SSH_AGENT_LAUNCHER', 'gnome-keyring'), ('SSH_AUTH_SOCK', '/run/user/1000/keyring/ssh'), ('AMENT_PREFIX_PATH', '/home/ammar/ros2_ws/install/my_robot_bringup:/home/ammar/ros2_ws/install/my_robot_controller:/opt/ros/humble'), ('CONDA_PYTHON_EXE', '/home/ammar/anaconda3/bin/python'), ('SHELL', '/bin/bash'), ('LC_NAME', 'ar_EG.UTF-8'), ('TERMINATOR_UUID', 'urn:uuid:ae12983b-cf6e-47b7-ad1a-485ddede5d41'), ('QT_ACCESSIBILITY', '1'), ('GDMSESSION', 'ubuntu'), ('LESSCLOSE', '/usr/bin/lesspipe %s %s'), ('LC_MEASUREMENT', 'ar_EG.UTF-8'), ('GPG_AGENT_INFO', '/run/user/1000/gnupg/S.gpg-agent:0:1'), ('GJS_DEBUG_OUTPUT', 'stderr'), ('LC_IDENTIFICATION', 'ar_EG.UTF-8'), ('QT_IM_MODULE', 'ibus'), ('PWD', '/home/ammar/turtlebot3_localization/build/turtlebot3_fake_node'), ('XDG_CONFIG_DIRS', '/etc/xdg/xdg-ubuntu:/etc/xdg'), ('CONDA_EXE', '/home/ammar/anaconda3/bin/conda'), ('XDG_DATA_DIRS', '/usr/share/ubuntu:/usr/share/gnome:/usr/local/share/:/usr/share/:/var/lib/snapd/desktop'), ('PYTHONPATH', '/home/ammar/ros2_ws/build/my_robot_controller:/home/ammar/ros2_ws/install/my_robot_controller/lib/python3.10/site-packages:/opt/ros/humble/lib/python3.10/site-packages:/opt/ros/humble/local/lib/python3.10/dist-packages'), ('LC_NUMERIC', 'ar_EG.UTF-8'), ('LC_PAPER', 'ar_EG.UTF-8'), ('COLCON', '1'), ('VTE_VERSION', '6800'), ('CMAKE_PREFIX_PATH', '/home/ammar/ros2_ws/install/my_robot_bringup:/home/ammar/ros2_ws/install/my_robot_controller:/opt/ros/humble')]), 'shell': False}
[7.507476] (turtlebot3_fake_node) StdoutLine: {'line': b'-- Install configuration: ""\n'}
[7.507788] (turtlebot3_fake_node) StdoutLine: {'line': b'-- Execute custom install script\n'}
[7.508059] (turtlebot3_fake_node) StdoutLine: {'line': b'-- Symlinking: /home/ammar/turtlebot3_localization/install/turtlebot3_fake_node/lib/turtlebot3_fake_node/turtlebot3_fake_node\n'}
[7.515607] (turtlebot3_fake_node) StdoutLine: {'line': b'-- Symlinking: /home/ammar/turtlebot3_localization/install/turtlebot3_fake_node/share/turtlebot3_fake_node/launch/rviz2.launch.py\n'}
[7.515949] (-) TimerEvent: {}
[7.522527] (turtlebot3_fake_node) StdoutLine: {'line': b'-- Symlinking: /home/ammar/turtlebot3_localization/install/turtlebot3_fake_node/share/turtlebot3_fake_node/launch/turtlebot3_fake_node.launch.py\n'}
[7.529896] (turtlebot3_fake_node) StdoutLine: {'line': b'-- Symlinking: /home/ammar/turtlebot3_localization/install/turtlebot3_fake_node/share/turtlebot3_fake_node/param/burger.yaml\n'}
[7.536833] (turtlebot3_fake_node) StdoutLine: {'line': b'-- Symlinking: /home/ammar/turtlebot3_localization/install/turtlebot3_fake_node/share/turtlebot3_fake_node/param/waffle.yaml\n'}
[7.544036] (turtlebot3_fake_node) StdoutLine: {'line': b'-- Symlinking: /home/ammar/turtlebot3_localization/install/turtlebot3_fake_node/share/turtlebot3_fake_node/param/waffle_pi.yaml\n'}
[7.551501] (turtlebot3_fake_node) StdoutLine: {'line': b'-- Symlinking: /home/ammar/turtlebot3_localization/install/turtlebot3_fake_node/include//turtlebot3_fake_node/turtlebot3_fake_node.hpp\n'}
[7.558673] (turtlebot3_fake_node) StdoutLine: {'line': b'-- Symlinking: /home/ammar/turtlebot3_localization/install/turtlebot3_fake_node/share/ament_index/resource_index/package_run_dependencies/turtlebot3_fake_node\n'}
[7.566011] (turtlebot3_fake_node) StdoutLine: {'line': b'-- Symlinking: /home/ammar/turtlebot3_localization/install/turtlebot3_fake_node/share/ament_index/resource_index/parent_prefix_path/turtlebot3_fake_node\n'}
[7.573611] (turtlebot3_fake_node) StdoutLine: {'line': b'-- Symlinking: /home/ammar/turtlebot3_localization/install/turtlebot3_fake_node/share/turtlebot3_fake_node/environment/ament_prefix_path.sh\n'}
[7.580641] (turtlebot3_fake_node) StdoutLine: {'line': b'-- Symlinking: /home/ammar/turtlebot3_localization/install/turtlebot3_fake_node/share/turtlebot3_fake_node/environment/ament_prefix_path.dsv\n'}
[7.588157] (turtlebot3_fake_node) StdoutLine: {'line': b'-- Symlinking: /home/ammar/turtlebot3_localization/install/turtlebot3_fake_node/share/turtlebot3_fake_node/environment/path.sh\n'}
[7.595493] (turtlebot3_fake_node) StdoutLine: {'line': b'-- Symlinking: /home/ammar/turtlebot3_localization/install/turtlebot3_fake_node/share/turtlebot3_fake_node/environment/path.dsv\n'}
[7.602689] (turtlebot3_fake_node) StdoutLine: {'line': b'-- Symlinking: /home/ammar/turtlebot3_localization/install/turtlebot3_fake_node/share/turtlebot3_fake_node/local_setup.bash\n'}
[7.609048] (turtlebot3_fake_node) StdoutLine: {'line': b'-- Symlinking: /home/ammar/turtlebot3_localization/install/turtlebot3_fake_node/share/turtlebot3_fake_node/local_setup.sh\n'}
[7.615173] (turtlebot3_fake_node) StdoutLine: {'line': b'-- Symlinking: /home/ammar/turtlebot3_localization/install/turtlebot3_fake_node/share/turtlebot3_fake_node/local_setup.zsh\n'}
[7.616049] (-) TimerEvent: {}
[7.621281] (turtlebot3_fake_node) StdoutLine: {'line': b'-- Symlinking: /home/ammar/turtlebot3_localization/install/turtlebot3_fake_node/share/turtlebot3_fake_node/local_setup.dsv\n'}
[7.627167] (turtlebot3_fake_node) StdoutLine: {'line': b'-- Symlinking: /home/ammar/turtlebot3_localization/install/turtlebot3_fake_node/share/turtlebot3_fake_node/package.dsv\n'}
[7.632585] (turtlebot3_fake_node) StdoutLine: {'line': b'-- Symlinking: /home/ammar/turtlebot3_localization/install/turtlebot3_fake_node/share/ament_index/resource_index/packages/turtlebot3_fake_node\n'}
[7.638739] (turtlebot3_fake_node) StdoutLine: {'line': b'-- Symlinking: /home/ammar/turtlebot3_localization/install/turtlebot3_fake_node/share/turtlebot3_fake_node/cmake/ament_cmake_export_include_directories-extras.cmake\n'}
[7.645361] (turtlebot3_fake_node) StdoutLine: {'line': b'-- Symlinking: /home/ammar/turtlebot3_localization/install/turtlebot3_fake_node/share/turtlebot3_fake_node/cmake/ament_cmake_export_dependencies-extras.cmake\n'}
[7.652014] (turtlebot3_fake_node) StdoutLine: {'line': b'-- Symlinking: /home/ammar/turtlebot3_localization/install/turtlebot3_fake_node/share/turtlebot3_fake_node/cmake/turtlebot3_fake_nodeConfig.cmake\n'}
[7.658479] (turtlebot3_fake_node) StdoutLine: {'line': b'-- Symlinking: /home/ammar/turtlebot3_localization/install/turtlebot3_fake_node/share/turtlebot3_fake_node/cmake/turtlebot3_fake_nodeConfig-version.cmake\n'}
[7.664574] (turtlebot3_fake_node) StdoutLine: {'line': b'-- Symlinking: /home/ammar/turtlebot3_localization/install/turtlebot3_fake_node/share/turtlebot3_fake_node/package.xml\n'}
[7.672435] (turtlebot3_fake_node) CommandEnded: {'returncode': 0}
[7.716227] (-) TimerEvent: {}
[7.798718] (turtlebot3_fake_node) JobEnded: {'identifier': 'turtlebot3_fake_node', 'rc': 0}
[7.816319] (-) TimerEvent: {}
[7.916552] (-) TimerEvent: {}
[8.016796] (-) TimerEvent: {}
[8.117054] (-) TimerEvent: {}
[8.217319] (-) TimerEvent: {}
[8.317588] (-) TimerEvent: {}
[8.417854] (-) TimerEvent: {}
[8.518154] (-) TimerEvent: {}
[8.618436] (-) TimerEvent: {}
[8.718719] (-) TimerEvent: {}
[8.818998] (-) TimerEvent: {}
[8.919258] (-) TimerEvent: {}
[9.019531] (-) TimerEvent: {}
[9.119800] (-) TimerEvent: {}
[9.220067] (-) TimerEvent: {}
[9.320335] (-) TimerEvent: {}
[9.420593] (-) TimerEvent: {}
[9.520846] (-) TimerEvent: {}
[9.621108] (-) TimerEvent: {}
[9.721369] (-) TimerEvent: {}
[9.821619] (-) TimerEvent: {}
[9.921857] (-) TimerEvent: {}
[10.022092] (-) TimerEvent: {}
[10.122359] (-) TimerEvent: {}
[10.222663] (-) TimerEvent: {}
[10.322894] (-) TimerEvent: {}
[10.423156] (-) TimerEvent: {}
[10.523424] (-) TimerEvent: {}
[10.623707] (-) TimerEvent: {}
[10.723963] (-) TimerEvent: {}
[10.824222] (-) TimerEvent: {}
[10.924471] (-) TimerEvent: {}
[11.024716] (-) TimerEvent: {}
[11.124972] (-) TimerEvent: {}
[11.225228] (-) TimerEvent: {}
[11.325521] (-) TimerEvent: {}
[11.425744] (-) TimerEvent: {}
[11.525972] (-) TimerEvent: {}
[11.626235] (-) TimerEvent: {}
[11.726494] (-) TimerEvent: {}
[11.826756] (-) TimerEvent: {}
[11.927027] (-) TimerEvent: {}
[12.027321] (-) TimerEvent: {}
[12.127644] (-) TimerEvent: {}
[12.227955] (-) TimerEvent: {}
[12.328245] (-) TimerEvent: {}
[12.428539] (-) TimerEvent: {}
[12.471761] (turtlebot3_gazebo) StdoutLine: {'line': b'[ 62%] \x1b[32m\x1b[1mLinking CXX executable turtlebot3_drive\x1b[0m\n'}
[12.528670] (-) TimerEvent: {}
[12.628961] (-) TimerEvent: {}
[12.729242] (-) TimerEvent: {}
[12.829535] (-) TimerEvent: {}
[12.903740] (turtlebot3_gazebo) StdoutLine: {'line': b'[ 62%] Built target turtlebot3_drive\n'}
[12.929625] (-) TimerEvent: {}
[13.029855] (-) TimerEvent: {}
[13.130089] (-) TimerEvent: {}
[13.230340] (-) TimerEvent: {}
[13.330590] (-) TimerEvent: {}
[13.430844] (-) TimerEvent: {}
[13.531102] (-) TimerEvent: {}
[13.631355] (-) TimerEvent: {}
[13.731606] (-) TimerEvent: {}
[13.831868] (-) TimerEvent: {}
[13.932127] (-) TimerEvent: {}
[14.032348] (-) TimerEvent: {}
[14.132596] (-) TimerEvent: {}
[14.232851] (-) TimerEvent: {}
[14.333103] (-) TimerEvent: {}
[14.433358] (-) TimerEvent: {}
[14.533637] (-) TimerEvent: {}
[14.633916] (-) TimerEvent: {}
[14.734171] (-) TimerEvent: {}
[14.834448] (-) TimerEvent: {}
[14.934705] (-) TimerEvent: {}
[15.034965] (-) TimerEvent: {}
[15.135219] (-) TimerEvent: {}
[15.235469] (-) TimerEvent: {}
[15.335717] (-) TimerEvent: {}
[15.435966] (-) TimerEvent: {}
[15.536201] (-) TimerEvent: {}
[15.636465] (-) TimerEvent: {}
[15.736710] (-) TimerEvent: {}
[15.836977] (-) TimerEvent: {}
[15.937193] (-) TimerEvent: {}
[16.037415] (-) TimerEvent: {}
[16.137644] (-) TimerEvent: {}
[16.188767] (turtlebot3_gazebo) StdoutLine: {'line': b'[ 75%] \x1b[32m\x1b[1mLinking CXX shared library libobstacle2.so\x1b[0m\n'}
[16.216066] (turtlebot3_gazebo) StdoutLine: {'line': b'[ 87%] \x1b[32m\x1b[1mLinking CXX shared library libobstacle1.so\x1b[0m\n'}
[16.218939] (turtlebot3_gazebo) StdoutLine: {'line': b'[100%] \x1b[32m\x1b[1mLinking CXX shared library libobstacles.so\x1b[0m\n'}
[16.237723] (-) TimerEvent: {}
[16.338052] (-) TimerEvent: {}
[16.438578] (-) TimerEvent: {}
[16.538883] (-) TimerEvent: {}
[16.639219] (-) TimerEvent: {}
[16.695519] (turtlebot3_gazebo) StdoutLine: {'line': b'[100%] Built target obstacles\n'}
[16.695681] (turtlebot3_gazebo) StdoutLine: {'line': b'[100%] Built target obstacle1\n'}
[16.695736] (turtlebot3_gazebo) StdoutLine: {'line': b'[100%] Built target obstacle2\n'}
[16.702391] (turtlebot3_gazebo) CommandEnded: {'returncode': 0}
[16.722008] (turtlebot3_gazebo) JobProgress: {'identifier': 'turtlebot3_gazebo', 'progress': 'install'}
[16.722665] (turtlebot3_gazebo) Command: {'cmd': ['/usr/bin/cmake', '--install', '/home/ammar/turtlebot3_localization/build/turtlebot3_gazebo'], 'cwd': '/home/ammar/turtlebot3_localization/build/turtlebot3_gazebo', 'env': OrderedDict([('GJS_DEBUG_TOPICS', 'JS ERROR;JS LOG'), ('LESSOPEN', '| /usr/bin/lesspipe %s'), ('LANGUAGE', 'en_US:en'), ('USER', 'ammar'), ('LC_TIME', 'ar_EG.UTF-8'), ('XDG_SESSION_TYPE', 'x11'), ('SHLVL', '1'), ('LD_LIBRARY_PATH', '/usr/lib/x86_64-linux-gnu/gazebo-11/plugins:/opt/ros/humble/opt/rviz_ogre_vendor/lib:/opt/ros/humble/lib/x86_64-linux-gnu:/opt/ros/humble/lib'), ('HOME', '/home/ammar'), ('CONDA_SHLVL', '0'), ('OLDPWD', '/home/ammar'), ('DESKTOP_SESSION', 'ubuntu'), ('GIO_LAUNCHED_DESKTOP_FILE', '/usr/share/applications/terminator.desktop'), ('ROS_PYTHON_VERSION', '3'), ('GNOME_SHELL_SESSION_MODE', 'ubuntu'), ('GTK_MODULES', 'gail:atk-bridge'), ('LC_MONETARY', 'ar_EG.UTF-8'), ('MANAGERPID', '1649'), ('SYSTEMD_EXEC_PID', '2109'), ('DBUS_SESSION_BUS_ADDRESS', 'unix:path=/run/user/1000/bus'), ('COLORTERM', 'truecolor'), ('_CE_M', ''), ('TERMINATOR_DBUS_NAME', 'net.tenshu.Terminator23558193cd9818af7fe4d2c2f5bd9d00f'), ('GIO_LAUNCHED_DESKTOP_FILE_PID', '2624'), ('COLCON_PREFIX_PATH', '/home/ammar/ros2_ws/install'), ('ROS_DISTRO', 'humble'), ('GTK_IM_MODULE', 'ibus'), ('LOGNAME', 'ammar'), ('JOURNAL_STREAM', '8:18170'), ('_', '/usr/bin/colcon'), ('ROS_VERSION', '2'), ('XDG_SESSION_CLASS', 'user'), ('USERNAME', 'ammar'), ('TERM', 'xterm-256color'), ('GNOME_DESKTOP_SESSION_ID', 'this-is-deprecated'), ('_CE_CONDA', ''), ('ROS_LOCALHOST_ONLY', '0'), ('WINDOWPATH', '2'), ('PATH', '/home/ammar/anaconda3/condabin:/opt/ros/humble/bin:/usr/local/sbin:/usr/local/bin:/usr/sbin:/usr/bin:/sbin:/bin:/usr/games:/usr/local/games:/snap/bin:/snap/bin'), ('SESSION_MANAGER', 'local/ammars-machine:@/tmp/.ICE-unix/2081,unix/ammars-machine:/tmp/.ICE-unix/2081'), ('INVOCATION_ID', 'f6d1483e31c54fb5a0a2100081a86de2'), ('PAPERSIZE', 'a4'), ('XDG_MENU_PREFIX', 'gnome-'), ('LC_ADDRESS', 'ar_EG.UTF-8'), ('XDG_RUNTIME_DIR', '/run/user/1000'), ('DISPLAY', ':1'), ('TERMINATOR_DBUS_PATH', '/net/tenshu/Terminator2'), ('LANG', 'en_US.UTF-8'), ('XDG_CURRENT_DESKTOP', 'ubuntu:GNOME'), ('IBUS_DISABLE_SNOOPER', '1'), ('LC_TELEPHONE', 'ar_EG.UTF-8'), ('XMODIFIERS', '@im=ibus'), ('XDG_SESSION_DESKTOP', 'ubuntu'), ('XAUTHORITY', '/run/user/1000/gdm/Xauthority'), ('LS_COLORS', 'rs=0:di=01;34:ln=01;36:mh=00:pi=40;33:so=01;35:do=01;35:bd=40;33;01:cd=40;33;01:or=40;31;01:mi=00:su=37;41:sg=30;43:ca=30;41:tw=30;42:ow=34;42:st=37;44:ex=01;32:*.tar=01;31:*.tgz=01;31:*.arc=01;31:*.arj=01;31:*.taz=01;31:*.lha=01;31:*.lz4=01;31:*.lzh=01;31:*.lzma=01;31:*.tlz=01;31:*.txz=01;31:*.tzo=01;31:*.t7z=01;31:*.zip=01;31:*.z=01;31:*.dz=01;31:*.gz=01;31:*.lrz=01;31:*.lz=01;31:*.lzo=01;31:*.xz=01;31:*.zst=01;31:*.tzst=01;31:*.bz2=01;31:*.bz=01;31:*.tbz=01;31:*.tbz2=01;31:*.tz=01;31:*.deb=01;31:*.rpm=01;31:*.jar=01;31:*.war=01;31:*.ear=01;31:*.sar=01;31:*.rar=01;31:*.alz=01;31:*.ace=01;31:*.zoo=01;31:*.cpio=01;31:*.7z=01;31:*.rz=01;31:*.cab=01;31:*.wim=01;31:*.swm=01;31:*.dwm=01;31:*.esd=01;31:*.jpg=01;35:*.jpeg=01;35:*.mjpg=01;35:*.mjpeg=01;35:*.gif=01;35:*.bmp=01;35:*.pbm=01;35:*.pgm=01;35:*.ppm=01;35:*.tga=01;35:*.xbm=01;35:*.xpm=01;35:*.tif=01;35:*.tiff=01;35:*.png=01;35:*.svg=01;35:*.svgz=01;35:*.mng=01;35:*.pcx=01;35:*.mov=01;35:*.mpg=01;35:*.mpeg=01;35:*.m2v=01;35:*.mkv=01;35:*.webm=01;35:*.webp=01;35:*.ogm=01;35:*.mp4=01;35:*.m4v=01;35:*.mp4v=01;35:*.vob=01;35:*.qt=01;35:*.nuv=01;35:*.wmv=01;35:*.asf=01;35:*.rm=01;35:*.rmvb=01;35:*.flc=01;35:*.avi=01;35:*.fli=01;35:*.flv=01;35:*.gl=01;35:*.dl=01;35:*.xcf=01;35:*.xwd=01;35:*.yuv=01;35:*.cgm=01;35:*.emf=01;35:*.ogv=01;35:*.ogx=01;35:*.aac=00;36:*.au=00;36:*.flac=00;36:*.m4a=00;36:*.mid=00;36:*.midi=00;36:*.mka=00;36:*.mp3=00;36:*.mpc=00;36:*.ogg=00;36:*.ra=00;36:*.wav=00;36:*.oga=00;36:*.opus=00;36:*.spx=00;36:*.xspf=00;36:'), ('SSH_AGENT_LAUNCHER', 'gnome-keyring'), ('SSH_AUTH_SOCK', '/run/user/1000/keyring/ssh'), ('AMENT_PREFIX_PATH', '/home/ammar/ros2_ws/install/my_robot_bringup:/home/ammar/ros2_ws/install/my_robot_controller:/opt/ros/humble'), ('CONDA_PYTHON_EXE', '/home/ammar/anaconda3/bin/python'), ('SHELL', '/bin/bash'), ('LC_NAME', 'ar_EG.UTF-8'), ('TERMINATOR_UUID', 'urn:uuid:ae12983b-cf6e-47b7-ad1a-485ddede5d41'), ('QT_ACCESSIBILITY', '1'), ('GDMSESSION', 'ubuntu'), ('LESSCLOSE', '/usr/bin/lesspipe %s %s'), ('LC_MEASUREMENT', 'ar_EG.UTF-8'), ('GPG_AGENT_INFO', '/run/user/1000/gnupg/S.gpg-agent:0:1'), ('GJS_DEBUG_OUTPUT', 'stderr'), ('LC_IDENTIFICATION', 'ar_EG.UTF-8'), ('QT_IM_MODULE', 'ibus'), ('PWD', '/home/ammar/turtlebot3_localization/build/turtlebot3_gazebo'), ('XDG_CONFIG_DIRS', '/etc/xdg/xdg-ubuntu:/etc/xdg'), ('CONDA_EXE', '/home/ammar/anaconda3/bin/conda'), ('XDG_DATA_DIRS', '/usr/share/ubuntu:/usr/share/gnome:/usr/local/share/:/usr/share/:/var/lib/snapd/desktop'), ('PYTHONPATH', '/home/ammar/ros2_ws/build/my_robot_controller:/home/ammar/ros2_ws/install/my_robot_controller/lib/python3.10/site-packages:/opt/ros/humble/lib/python3.10/site-packages:/opt/ros/humble/local/lib/python3.10/dist-packages'), ('LC_NUMERIC', 'ar_EG.UTF-8'), ('LC_PAPER', 'ar_EG.UTF-8'), ('COLCON', '1'), ('VTE_VERSION', '6800'), ('CMAKE_PREFIX_PATH', '/home/ammar/ros2_ws/install/my_robot_bringup:/home/ammar/ros2_ws/install/my_robot_controller:/opt/ros/humble')]), 'shell': False}
[16.727438] (turtlebot3_gazebo) StdoutLine: {'line': b'-- Install configuration: ""\n'}
[16.727796] (turtlebot3_gazebo) StdoutLine: {'line': b'-- Execute custom install script\n'}
[16.728102] (turtlebot3_gazebo) StdoutLine: {'line': b'-- Symlinking: /home/ammar/turtlebot3_localization/install/turtlebot3_gazebo/lib/turtlebot3_gazebo/turtlebot3_drive\n'}
[16.733541] (turtlebot3_gazebo) StdoutLine: {'line': b'-- Symlinking: /home/ammar/turtlebot3_localization/install/turtlebot3_gazebo/share/turtlebot3_gazebo//launch/empty_world.launch.py\n'}
[16.738590] (turtlebot3_gazebo) StdoutLine: {'line': b'-- Symlinking: /home/ammar/turtlebot3_localization/install/turtlebot3_gazebo/share/turtlebot3_gazebo//launch/robot_state_publisher.launch.py\n'}
[16.739274] (-) TimerEvent: {}
[16.743558] (turtlebot3_gazebo) StdoutLine: {'line': b'-- Symlinking: /home/ammar/turtlebot3_localization/install/turtlebot3_gazebo/share/turtlebot3_gazebo//launch/spawn_turtlebot3.launch.py\n'}
[16.748470] (turtlebot3_gazebo) StdoutLine: {'line': b'-- Symlinking: /home/ammar/turtlebot3_localization/install/turtlebot3_gazebo/share/turtlebot3_gazebo//launch/turtlebot3_dqn_stage1.launch.py\n'}
[16.753465] (turtlebot3_gazebo) StdoutLine: {'line': b'-- Symlinking: /home/ammar/turtlebot3_localization/install/turtlebot3_gazebo/share/turtlebot3_gazebo//launch/turtlebot3_dqn_stage2.launch.py\n'}
[16.758577] (turtlebot3_gazebo) StdoutLine: {'line': b'-- Symlinking: /home/ammar/turtlebot3_localization/install/turtlebot3_gazebo/share/turtlebot3_gazebo//launch/turtlebot3_dqn_stage3.launch.py\n'}
[16.763574] (turtlebot3_gazebo) StdoutLine: {'line': b'-- Symlinking: /home/ammar/turtlebot3_localization/install/turtlebot3_gazebo/share/turtlebot3_gazebo//launch/turtlebot3_dqn_stage4.launch.py\n'}
[16.768781] (turtlebot3_gazebo) StdoutLine: {'line': b'-- Symlinking: /home/ammar/turtlebot3_localization/install/turtlebot3_gazebo/share/turtlebot3_gazebo//launch/turtlebot3_house.launch.py\n'}
[16.774020] (turtlebot3_gazebo) StdoutLine: {'line': b'-- Symlinking: /home/ammar/turtlebot3_localization/install/turtlebot3_gazebo/share/turtlebot3_gazebo//launch/turtlebot3_world.launch.py\n'}
[16.779475] (turtlebot3_gazebo) StdoutLine: {'line': b'-- Symlinking: /home/ammar/turtlebot3_localization/install/turtlebot3_gazebo/share/turtlebot3_gazebo//models/turtlebot3_burger/model-1_4.sdf\n'}
[16.784436] (turtlebot3_gazebo) StdoutLine: {'line': b'-- Symlinking: /home/ammar/turtlebot3_localization/install/turtlebot3_gazebo/share/turtlebot3_gazebo//models/turtlebot3_burger/model.config\n'}
[16.789303] (turtlebot3_gazebo) StdoutLine: {'line': b'-- Symlinking: /home/ammar/turtlebot3_localization/install/turtlebot3_gazebo/share/turtlebot3_gazebo//models/turtlebot3_burger/model.sdf\n'}
[16.794419] (turtlebot3_gazebo) StdoutLine: {'line': b'-- Symlinking: /home/ammar/turtlebot3_localization/install/turtlebot3_gazebo/share/turtlebot3_gazebo//models/turtlebot3_common/meshes/burger_base.dae\n'}
[16.799446] (turtlebot3_gazebo) StdoutLine: {'line': b'-- Symlinking: /home/ammar/turtlebot3_localization/install/turtlebot3_gazebo/share/turtlebot3_gazebo//models/turtlebot3_common/meshes/lds.dae\n'}
[16.804424] (turtlebot3_gazebo) StdoutLine: {'line': b'-- Symlinking: /home/ammar/turtlebot3_localization/install/turtlebot3_gazebo/share/turtlebot3_gazebo//models/turtlebot3_common/meshes/r200.dae\n'}
[16.809299] (turtlebot3_gazebo) StdoutLine: {'line': b'-- Symlinking: /home/ammar/turtlebot3_localization/install/turtlebot3_gazebo/share/turtlebot3_gazebo//models/turtlebot3_common/meshes/tire.dae\n'}
[16.814357] (turtlebot3_gazebo) StdoutLine: {'line': b'-- Symlinking: /home/ammar/turtlebot3_localization/install/turtlebot3_gazebo/share/turtlebot3_gazebo//models/turtlebot3_common/meshes/waffle_base.dae\n'}
[16.819231] (turtlebot3_gazebo) StdoutLine: {'line': b'-- Symlinking: /home/ammar/turtlebot3_localization/install/turtlebot3_gazebo/share/turtlebot3_gazebo//models/turtlebot3_common/meshes/waffle_pi_base.dae\n'}
[16.824116] (turtlebot3_gazebo) StdoutLine: {'line': b'-- Symlinking: /home/ammar/turtlebot3_localization/install/turtlebot3_gazebo/share/turtlebot3_gazebo//models/turtlebot3_common/model.config\n'}
[16.829012] (turtlebot3_gazebo) StdoutLine: {'line': b'-- Symlinking: /home/ammar/turtlebot3_localization/install/turtlebot3_gazebo/share/turtlebot3_gazebo//models/turtlebot3_dqn_world/goal_box/model.config\n'}
[16.833991] (turtlebot3_gazebo) StdoutLine: {'line': b'-- Symlinking: /home/ammar/turtlebot3_localization/install/turtlebot3_gazebo/share/turtlebot3_gazebo//models/turtlebot3_dqn_world/goal_box/model.sdf\n'}
[16.838916] (turtlebot3_gazebo) StdoutLine: {'line': b'-- Symlinking: /home/ammar/turtlebot3_localization/install/turtlebot3_gazebo/share/turtlebot3_gazebo//models/turtlebot3_dqn_world/inner_walls/model.config\n'}
[16.839335] (-) TimerEvent: {}
[16.843965] (turtlebot3_gazebo) StdoutLine: {'line': b'-- Symlinking: /home/ammar/turtlebot3_localization/install/turtlebot3_gazebo/share/turtlebot3_gazebo//models/turtlebot3_dqn_world/inner_walls/model.sdf\n'}
[16.848821] (turtlebot3_gazebo) StdoutLine: {'line': b'-- Symlinking: /home/ammar/turtlebot3_localization/install/turtlebot3_gazebo/share/turtlebot3_gazebo//models/turtlebot3_dqn_world/model.config\n'}
[16.853820] (turtlebot3_gazebo) StdoutLine: {'line': b'-- Symlinking: /home/ammar/turtlebot3_localization/install/turtlebot3_gazebo/share/turtlebot3_gazebo//models/turtlebot3_dqn_world/model.sdf\n'}
[16.858794] (turtlebot3_gazebo) StdoutLine: {'line': b'-- Symlinking: /home/ammar/turtlebot3_localization/install/turtlebot3_gazebo/share/turtlebot3_gazebo//models/turtlebot3_dqn_world/obstacle1/model.config\n'}
[16.863818] (turtlebot3_gazebo) StdoutLine: {'line': b'-- Symlinking: /home/ammar/turtlebot3_localization/install/turtlebot3_gazebo/share/turtlebot3_gazebo//models/turtlebot3_dqn_world/obstacle1/model.sdf\n'}
[16.869102] (turtlebot3_gazebo) StdoutLine: {'line': b'-- Symlinking: /home/ammar/turtlebot3_localization/install/turtlebot3_gazebo/share/turtlebot3_gazebo//models/turtlebot3_dqn_world/obstacle2/model.config\n'}
[16.874344] (turtlebot3_gazebo) StdoutLine: {'line': b'-- Symlinking: /home/ammar/turtlebot3_localization/install/turtlebot3_gazebo/share/turtlebot3_gazebo//models/turtlebot3_dqn_world/obstacle2/model.sdf\n'}
[16.879566] (turtlebot3_gazebo) StdoutLine: {'line': b'-- Symlinking: /home/ammar/turtlebot3_localization/install/turtlebot3_gazebo/share/turtlebot3_gazebo//models/turtlebot3_dqn_world/obstacle_plugin/CMakeLists.txt\n'}
[16.884574] (turtlebot3_gazebo) StdoutLine: {'line': b'-- Symlinking: /home/ammar/turtlebot3_localization/install/turtlebot3_gazebo/share/turtlebot3_gazebo//models/turtlebot3_dqn_world/obstacle_plugin/obstacle1.cc\n'}
[16.889448] (turtlebot3_gazebo) StdoutLine: {'line': b'-- Symlinking: /home/ammar/turtlebot3_localization/install/turtlebot3_gazebo/share/turtlebot3_gazebo//models/turtlebot3_dqn_world/obstacle_plugin/obstacle2.cc\n'}
[16.894614] (turtlebot3_gazebo) StdoutLine: {'line': b'-- Symlinking: /home/ammar/turtlebot3_localization/install/turtlebot3_gazebo/share/turtlebot3_gazebo//models/turtlebot3_dqn_world/obstacle_plugin/obstacles.cc\n'}
[16.899564] (turtlebot3_gazebo) StdoutLine: {'line': b'-- Symlinking: /home/ammar/turtlebot3_localization/install/turtlebot3_gazebo/share/turtlebot3_gazebo//models/turtlebot3_dqn_world/obstacles/model.config\n'}
[16.904737] (turtlebot3_gazebo) StdoutLine: {'line': b'-- Symlinking: /home/ammar/turtlebot3_localization/install/turtlebot3_gazebo/share/turtlebot3_gazebo//models/turtlebot3_dqn_world/obstacles/model.sdf\n'}
[16.909921] (turtlebot3_gazebo) StdoutLine: {'line': b'-- Symlinking: /home/ammar/turtlebot3_localization/install/turtlebot3_gazebo/share/turtlebot3_gazebo//models/turtlebot3_house/model.config\n'}
[16.915089] (turtlebot3_gazebo) StdoutLine: {'line': b'-- Symlinking: /home/ammar/turtlebot3_localization/install/turtlebot3_gazebo/share/turtlebot3_gazebo//models/turtlebot3_house/model.sdf\n'}
[16.920024] (turtlebot3_gazebo) StdoutLine: {'line': b'-- Symlinking: /home/ammar/turtlebot3_localization/install/turtlebot3_gazebo/share/turtlebot3_gazebo//models/turtlebot3_waffle/model-1_4.sdf\n'}
[16.924978] (turtlebot3_gazebo) StdoutLine: {'line': b'-- Symlinking: /home/ammar/turtlebot3_localization/install/turtlebot3_gazebo/share/turtlebot3_gazebo//models/turtlebot3_waffle/model.config\n'}
[16.929964] (turtlebot3_gazebo) StdoutLine: {'line': b'-- Symlinking: /home/ammar/turtlebot3_localization/install/turtlebot3_gazebo/share/turtlebot3_gazebo//models/turtlebot3_waffle/model.sdf\n'}
[16.935021] (turtlebot3_gazebo) StdoutLine: {'line': b'-- Symlinking: /home/ammar/turtlebot3_localization/install/turtlebot3_gazebo/share/turtlebot3_gazebo//models/turtlebot3_waffle_pi/model-1_4_.sdf\n'}
[16.939435] (-) TimerEvent: {}
[16.940185] (turtlebot3_gazebo) StdoutLine: {'line': b'-- Symlinking: /home/ammar/turtlebot3_localization/install/turtlebot3_gazebo/share/turtlebot3_gazebo//models/turtlebot3_waffle_pi/model.config\n'}
[16.945290] (turtlebot3_gazebo) StdoutLine: {'line': b'-- Symlinking: /home/ammar/turtlebot3_localization/install/turtlebot3_gazebo/share/turtlebot3_gazebo//models/turtlebot3_waffle_pi/model.sdf\n'}
[16.950310] (turtlebot3_gazebo) StdoutLine: {'line': b'-- Symlinking: /home/ammar/turtlebot3_localization/install/turtlebot3_gazebo/share/turtlebot3_gazebo//models/turtlebot3_world/meshes/hexagon.dae\n'}
[16.955241] (turtlebot3_gazebo) StdoutLine: {'line': b'-- Symlinking: /home/ammar/turtlebot3_localization/install/turtlebot3_gazebo/share/turtlebot3_gazebo//models/turtlebot3_world/meshes/wall.dae\n'}
[16.960270] (turtlebot3_gazebo) StdoutLine: {'line': b'-- Symlinking: /home/ammar/turtlebot3_localization/install/turtlebot3_gazebo/share/turtlebot3_gazebo//models/turtlebot3_world/model-1_4.sdf\n'}
[16.965251] (turtlebot3_gazebo) StdoutLine: {'line': b'-- Symlinking: /home/ammar/turtlebot3_localization/install/turtlebot3_gazebo/share/turtlebot3_gazebo//models/turtlebot3_world/model.config\n'}
[16.970753] (turtlebot3_gazebo) StdoutLine: {'line': b'-- Symlinking: /home/ammar/turtlebot3_localization/install/turtlebot3_gazebo/share/turtlebot3_gazebo//models/turtlebot3_world/model.sdf\n'}
[16.976053] (turtlebot3_gazebo) StdoutLine: {'line': b'-- Symlinking: /home/ammar/turtlebot3_localization/install/turtlebot3_gazebo/share/turtlebot3_gazebo//rviz/tb3_gazebo.rviz\n'}
[16.981197] (turtlebot3_gazebo) StdoutLine: {'line': b'-- Symlinking: /home/ammar/turtlebot3_localization/install/turtlebot3_gazebo/share/turtlebot3_gazebo//urdf/common_properties.urdf\n'}
[16.986265] (turtlebot3_gazebo) StdoutLine: {'line': b'-- Symlinking: /home/ammar/turtlebot3_localization/install/turtlebot3_gazebo/share/turtlebot3_gazebo//urdf/turtlebot3_burger.urdf\n'}
[16.991240] (turtlebot3_gazebo) StdoutLine: {'line': b'-- Symlinking: /home/ammar/turtlebot3_localization/install/turtlebot3_gazebo/share/turtlebot3_gazebo//urdf/turtlebot3_waffle.urdf\n'}
[16.996230] (turtlebot3_gazebo) StdoutLine: {'line': b'-- Symlinking: /home/ammar/turtlebot3_localization/install/turtlebot3_gazebo/share/turtlebot3_gazebo//urdf/turtlebot3_waffle_pi.urdf\n'}
[17.001331] (turtlebot3_gazebo) StdoutLine: {'line': b'-- Symlinking: /home/ammar/turtlebot3_localization/install/turtlebot3_gazebo/share/turtlebot3_gazebo//worlds/empty_world.world\n'}
[17.006477] (turtlebot3_gazebo) StdoutLine: {'line': b'-- Symlinking: /home/ammar/turtlebot3_localization/install/turtlebot3_gazebo/share/turtlebot3_gazebo//worlds/turtlebot3_dqn_stage1.world\n'}
[17.011406] (turtlebot3_gazebo) StdoutLine: {'line': b'-- Symlinking: /home/ammar/turtlebot3_localization/install/turtlebot3_gazebo/share/turtlebot3_gazebo//worlds/turtlebot3_dqn_stage2.world\n'}
[17.016332] (turtlebot3_gazebo) StdoutLine: {'line': b'-- Symlinking: /home/ammar/turtlebot3_localization/install/turtlebot3_gazebo/share/turtlebot3_gazebo//worlds/turtlebot3_dqn_stage3.world\n'}
[17.021324] (turtlebot3_gazebo) StdoutLine: {'line': b'-- Symlinking: /home/ammar/turtlebot3_localization/install/turtlebot3_gazebo/share/turtlebot3_gazebo//worlds/turtlebot3_dqn_stage4.world\n'}
[17.026346] (turtlebot3_gazebo) StdoutLine: {'line': b'-- Symlinking: /home/ammar/turtlebot3_localization/install/turtlebot3_gazebo/share/turtlebot3_gazebo//worlds/turtlebot3_house.world\n'}
[17.031254] (turtlebot3_gazebo) StdoutLine: {'line': b'-- Symlinking: /home/ammar/turtlebot3_localization/install/turtlebot3_gazebo/share/turtlebot3_gazebo//worlds/turtlebot3_world.world\n'}
[17.036739] (turtlebot3_gazebo) StdoutLine: {'line': b'-- Symlinking: /home/ammar/turtlebot3_localization/install/turtlebot3_gazebo/include//turtlebot3_gazebo/turtlebot3_drive.hpp\n'}
[17.039536] (-) TimerEvent: {}
[17.042326] (turtlebot3_gazebo) StdoutLine: {'line': b'-- Symlinking: /home/ammar/turtlebot3_localization/install/turtlebot3_gazebo/share/ament_index/resource_index/package_run_dependencies/turtlebot3_gazebo\n'}
[17.047622] (turtlebot3_gazebo) StdoutLine: {'line': b'-- Symlinking: /home/ammar/turtlebot3_localization/install/turtlebot3_gazebo/share/ament_index/resource_index/parent_prefix_path/turtlebot3_gazebo\n'}
[17.052884] (turtlebot3_gazebo) StdoutLine: {'line': b'-- Symlinking: /home/ammar/turtlebot3_localization/install/turtlebot3_gazebo/share/turtlebot3_gazebo/environment/ament_prefix_path.sh\n'}
[17.058229] (turtlebot3_gazebo) StdoutLine: {'line': b'-- Symlinking: /home/ammar/turtlebot3_localization/install/turtlebot3_gazebo/share/turtlebot3_gazebo/environment/ament_prefix_path.dsv\n'}
[17.063556] (turtlebot3_gazebo) StdoutLine: {'line': b'-- Symlinking: /home/ammar/turtlebot3_localization/install/turtlebot3_gazebo/share/turtlebot3_gazebo/environment/path.sh\n'}
[17.069018] (turtlebot3_gazebo) StdoutLine: {'line': b'-- Symlinking: /home/ammar/turtlebot3_localization/install/turtlebot3_gazebo/share/turtlebot3_gazebo/environment/path.dsv\n'}
[17.074659] (turtlebot3_gazebo) StdoutLine: {'line': b'-- Symlinking: /home/ammar/turtlebot3_localization/install/turtlebot3_gazebo/share/turtlebot3_gazebo/local_setup.bash\n'}
[17.079930] (turtlebot3_gazebo) StdoutLine: {'line': b'-- Symlinking: /home/ammar/turtlebot3_localization/install/turtlebot3_gazebo/share/turtlebot3_gazebo/local_setup.sh\n'}
[17.085101] (turtlebot3_gazebo) StdoutLine: {'line': b'-- Symlinking: /home/ammar/turtlebot3_localization/install/turtlebot3_gazebo/share/turtlebot3_gazebo/local_setup.zsh\n'}
[17.090433] (turtlebot3_gazebo) StdoutLine: {'line': b'-- Symlinking: /home/ammar/turtlebot3_localization/install/turtlebot3_gazebo/share/turtlebot3_gazebo/local_setup.dsv\n'}
[17.095747] (turtlebot3_gazebo) StdoutLine: {'line': b'-- Symlinking: /home/ammar/turtlebot3_localization/install/turtlebot3_gazebo/share/turtlebot3_gazebo/package.dsv\n'}
[17.100993] (turtlebot3_gazebo) StdoutLine: {'line': b'-- Symlinking: /home/ammar/turtlebot3_localization/install/turtlebot3_gazebo/share/ament_index/resource_index/packages/turtlebot3_gazebo\n'}
[17.106136] (turtlebot3_gazebo) StdoutLine: {'line': b'-- Symlinking: /home/ammar/turtlebot3_localization/install/turtlebot3_gazebo/share/turtlebot3_gazebo/cmake/ament_cmake_export_include_directories-extras.cmake\n'}
[17.111237] (turtlebot3_gazebo) StdoutLine: {'line': b'-- Symlinking: /home/ammar/turtlebot3_localization/install/turtlebot3_gazebo/share/turtlebot3_gazebo/cmake/ament_cmake_export_dependencies-extras.cmake\n'}
[17.116251] (turtlebot3_gazebo) StdoutLine: {'line': b'-- Symlinking: /home/ammar/turtlebot3_localization/install/turtlebot3_gazebo/share/turtlebot3_gazebo/cmake/turtlebot3_gazeboConfig.cmake\n'}
[17.121263] (turtlebot3_gazebo) StdoutLine: {'line': b'-- Symlinking: /home/ammar/turtlebot3_localization/install/turtlebot3_gazebo/share/turtlebot3_gazebo/cmake/turtlebot3_gazeboConfig-version.cmake\n'}
[17.126383] (turtlebot3_gazebo) StdoutLine: {'line': b'-- Symlinking: /home/ammar/turtlebot3_localization/install/turtlebot3_gazebo/share/turtlebot3_gazebo/package.xml\n'}
[17.132876] (turtlebot3_gazebo) CommandEnded: {'returncode': 0}
[17.139861] (-) TimerEvent: {}
[17.240333] (-) TimerEvent: {}
[17.247788] (turtlebot3_gazebo) JobEnded: {'identifier': 'turtlebot3_gazebo', 'rc': 0}
[17.248286] (turtlebot3_simulations) JobStarted: {'identifier': 'turtlebot3_simulations'}
[17.302343] (turtlebot3_simulations) JobProgress: {'identifier': 'turtlebot3_simulations', 'progress': 'cmake'}
[17.302956] (turtlebot3_simulations) Command: {'cmd': ['/usr/bin/cmake', '/home/ammar/turtlebot3_localization/src/turtlebot3_simulations/turtlebot3_simulations', '-DAMENT_CMAKE_SYMLINK_INSTALL=1', '-DCMAKE_INSTALL_PREFIX=/home/ammar/turtlebot3_localization/install/turtlebot3_simulations'], 'cwd': '/home/ammar/turtlebot3_localization/build/turtlebot3_simulations', 'env': OrderedDict([('GJS_DEBUG_TOPICS', 'JS ERROR;JS LOG'), ('LESSOPEN', '| /usr/bin/lesspipe %s'), ('LANGUAGE', 'en_US:en'), ('USER', 'ammar'), ('LC_TIME', 'ar_EG.UTF-8'), ('XDG_SESSION_TYPE', 'x11'), ('SHLVL', '1'), ('LD_LIBRARY_PATH', '/usr/lib/x86_64-linux-gnu/gazebo-11/plugins:/opt/ros/humble/opt/rviz_ogre_vendor/lib:/opt/ros/humble/lib/x86_64-linux-gnu:/opt/ros/humble/lib'), ('HOME', '/home/ammar'), ('CONDA_SHLVL', '0'), ('OLDPWD', '/home/ammar'), ('DESKTOP_SESSION', 'ubuntu'), ('GIO_LAUNCHED_DESKTOP_FILE', '/usr/share/applications/terminator.desktop'), ('ROS_PYTHON_VERSION', '3'), ('GNOME_SHELL_SESSION_MODE', 'ubuntu'), ('GTK_MODULES', 'gail:atk-bridge'), ('LC_MONETARY', 'ar_EG.UTF-8'), ('MANAGERPID', '1649'), ('SYSTEMD_EXEC_PID', '2109'), ('DBUS_SESSION_BUS_ADDRESS', 'unix:path=/run/user/1000/bus'), ('COLORTERM', 'truecolor'), ('_CE_M', ''), ('TERMINATOR_DBUS_NAME', 'net.tenshu.Terminator23558193cd9818af7fe4d2c2f5bd9d00f'), ('GIO_LAUNCHED_DESKTOP_FILE_PID', '2624'), ('COLCON_PREFIX_PATH', '/home/ammar/ros2_ws/install'), ('ROS_DISTRO', 'humble'), ('GTK_IM_MODULE', 'ibus'), ('LOGNAME', 'ammar'), ('JOURNAL_STREAM', '8:18170'), ('_', '/usr/bin/colcon'), ('ROS_VERSION', '2'), ('XDG_SESSION_CLASS', 'user'), ('USERNAME', 'ammar'), ('TERM', 'xterm-256color'), ('GNOME_DESKTOP_SESSION_ID', 'this-is-deprecated'), ('_CE_CONDA', ''), ('ROS_LOCALHOST_ONLY', '0'), ('WINDOWPATH', '2'), ('PATH', '/home/ammar/anaconda3/condabin:/opt/ros/humble/bin:/usr/local/sbin:/usr/local/bin:/usr/sbin:/usr/bin:/sbin:/bin:/usr/games:/usr/local/games:/snap/bin:/snap/bin'), ('SESSION_MANAGER', 'local/ammars-machine:@/tmp/.ICE-unix/2081,unix/ammars-machine:/tmp/.ICE-unix/2081'), ('INVOCATION_ID', 'f6d1483e31c54fb5a0a2100081a86de2'), ('PAPERSIZE', 'a4'), ('XDG_MENU_PREFIX', 'gnome-'), ('LC_ADDRESS', 'ar_EG.UTF-8'), ('XDG_RUNTIME_DIR', '/run/user/1000'), ('DISPLAY', ':1'), ('TERMINATOR_DBUS_PATH', '/net/tenshu/Terminator2'), ('LANG', 'en_US.UTF-8'), ('XDG_CURRENT_DESKTOP', 'ubuntu:GNOME'), ('IBUS_DISABLE_SNOOPER', '1'), ('LC_TELEPHONE', 'ar_EG.UTF-8'), ('XMODIFIERS', '@im=ibus'), ('XDG_SESSION_DESKTOP', 'ubuntu'), ('XAUTHORITY', '/run/user/1000/gdm/Xauthority'), ('LS_COLORS', 'rs=0:di=01;34:ln=01;36:mh=00:pi=40;33:so=01;35:do=01;35:bd=40;33;01:cd=40;33;01:or=40;31;01:mi=00:su=37;41:sg=30;43:ca=30;41:tw=30;42:ow=34;42:st=37;44:ex=01;32:*.tar=01;31:*.tgz=01;31:*.arc=01;31:*.arj=01;31:*.taz=01;31:*.lha=01;31:*.lz4=01;31:*.lzh=01;31:*.lzma=01;31:*.tlz=01;31:*.txz=01;31:*.tzo=01;31:*.t7z=01;31:*.zip=01;31:*.z=01;31:*.dz=01;31:*.gz=01;31:*.lrz=01;31:*.lz=01;31:*.lzo=01;31:*.xz=01;31:*.zst=01;31:*.tzst=01;31:*.bz2=01;31:*.bz=01;31:*.tbz=01;31:*.tbz2=01;31:*.tz=01;31:*.deb=01;31:*.rpm=01;31:*.jar=01;31:*.war=01;31:*.ear=01;31:*.sar=01;31:*.rar=01;31:*.alz=01;31:*.ace=01;31:*.zoo=01;31:*.cpio=01;31:*.7z=01;31:*.rz=01;31:*.cab=01;31:*.wim=01;31:*.swm=01;31:*.dwm=01;31:*.esd=01;31:*.jpg=01;35:*.jpeg=01;35:*.mjpg=01;35:*.mjpeg=01;35:*.gif=01;35:*.bmp=01;35:*.pbm=01;35:*.pgm=01;35:*.ppm=01;35:*.tga=01;35:*.xbm=01;35:*.xpm=01;35:*.tif=01;35:*.tiff=01;35:*.png=01;35:*.svg=01;35:*.svgz=01;35:*.mng=01;35:*.pcx=01;35:*.mov=01;35:*.mpg=01;35:*.mpeg=01;35:*.m2v=01;35:*.mkv=01;35:*.webm=01;35:*.webp=01;35:*.ogm=01;35:*.mp4=01;35:*.m4v=01;35:*.mp4v=01;35:*.vob=01;35:*.qt=01;35:*.nuv=01;35:*.wmv=01;35:*.asf=01;35:*.rm=01;35:*.rmvb=01;35:*.flc=01;35:*.avi=01;35:*.fli=01;35:*.flv=01;35:*.gl=01;35:*.dl=01;35:*.xcf=01;35:*.xwd=01;35:*.yuv=01;35:*.cgm=01;35:*.emf=01;35:*.ogv=01;35:*.ogx=01;35:*.aac=00;36:*.au=00;36:*.flac=00;36:*.m4a=00;36:*.mid=00;36:*.midi=00;36:*.mka=00;36:*.mp3=00;36:*.mpc=00;36:*.ogg=00;36:*.ra=00;36:*.wav=00;36:*.oga=00;36:*.opus=00;36:*.spx=00;36:*.xspf=00;36:'), ('SSH_AGENT_LAUNCHER', 'gnome-keyring'), ('SSH_AUTH_SOCK', '/run/user/1000/keyring/ssh'), ('AMENT_PREFIX_PATH', '/home/ammar/turtlebot3_localization/install/turtlebot3_gazebo:/home/ammar/turtlebot3_localization/install/turtlebot3_fake_node:/home/ammar/ros2_ws/install/my_robot_bringup:/home/ammar/ros2_ws/install/my_robot_controller:/opt/ros/humble'), ('CONDA_PYTHON_EXE', '/home/ammar/anaconda3/bin/python'), ('SHELL', '/bin/bash'), ('LC_NAME', 'ar_EG.UTF-8'), ('TERMINATOR_UUID', 'urn:uuid:ae12983b-cf6e-47b7-ad1a-485ddede5d41'), ('QT_ACCESSIBILITY', '1'), ('GDMSESSION', 'ubuntu'), ('LESSCLOSE', '/usr/bin/lesspipe %s %s'), ('LC_MEASUREMENT', 'ar_EG.UTF-8'), ('GPG_AGENT_INFO', '/run/user/1000/gnupg/S.gpg-agent:0:1'), ('GJS_DEBUG_OUTPUT', 'stderr'), ('LC_IDENTIFICATION', 'ar_EG.UTF-8'), ('QT_IM_MODULE', 'ibus'), ('PWD', '/home/ammar/turtlebot3_localization/build/turtlebot3_simulations'), ('XDG_CONFIG_DIRS', '/etc/xdg/xdg-ubuntu:/etc/xdg'), ('CONDA_EXE', '/home/ammar/anaconda3/bin/conda'), ('XDG_DATA_DIRS', '/usr/share/ubuntu:/usr/share/gnome:/usr/local/share/:/usr/share/:/var/lib/snapd/desktop'), ('PYTHONPATH', '/home/ammar/ros2_ws/build/my_robot_controller:/home/ammar/ros2_ws/install/my_robot_controller/lib/python3.10/site-packages:/opt/ros/humble/lib/python3.10/site-packages:/opt/ros/humble/local/lib/python3.10/dist-packages'), ('LC_NUMERIC', 'ar_EG.UTF-8'), ('LC_PAPER', 'ar_EG.UTF-8'), ('COLCON', '1'), ('VTE_VERSION', '6800'), ('CMAKE_PREFIX_PATH', '/home/ammar/turtlebot3_localization/install/turtlebot3_gazebo:/home/ammar/turtlebot3_localization/install/turtlebot3_fake_node:/home/ammar/ros2_ws/install/my_robot_bringup:/home/ammar/ros2_ws/install/my_robot_controller:/opt/ros/humble')]), 'shell': False}
[17.336133] (turtlebot3_simulations) StdoutLine: {'line': b'-- The C compiler identification is GNU 11.4.0\n'}
[17.340435] (-) TimerEvent: {}
[17.374456] (turtlebot3_simulations) StdoutLine: {'line': b'-- The CXX compiler identification is GNU 11.4.0\n'}
[17.379250] (turtlebot3_simulations) StdoutLine: {'line': b'-- Detecting C compiler ABI info\n'}
[17.423323] (turtlebot3_simulations) StdoutLine: {'line': b'-- Detecting C compiler ABI info - done\n'}
[17.429815] (turtlebot3_simulations) StdoutLine: {'line': b'-- Check for working C compiler: /usr/bin/cc - skipped\n'}
[17.430032] (turtlebot3_simulations) StdoutLine: {'line': b'-- Detecting C compile features\n'}
[17.430360] (turtlebot3_simulations) StdoutLine: {'line': b'-- Detecting C compile features - done\n'}
[17.432764] (turtlebot3_simulations) StdoutLine: {'line': b'-- Detecting CXX compiler ABI info\n'}
[17.440541] (-) TimerEvent: {}
[17.509536] (turtlebot3_simulations) StdoutLine: {'line': b'-- Detecting CXX compiler ABI info - done\n'}
[17.517347] (turtlebot3_simulations) StdoutLine: {'line': b'-- Check for working CXX compiler: /usr/bin/c++ - skipped\n'}
[17.517639] (turtlebot3_simulations) StdoutLine: {'line': b'-- Detecting CXX compile features\n'}
[17.518066] (turtlebot3_simulations) StdoutLine: {'line': b'-- Detecting CXX compile features - done\n'}
[17.519986] (turtlebot3_simulations) StdoutLine: {'line': b'-- Found ament_cmake: 1.3.5 (/opt/ros/humble/share/ament_cmake/cmake)\n'}
[17.540651] (-) TimerEvent: {}
[17.635721] (turtlebot3_simulations) StdoutLine: {'line': b'-- Found Python3: /usr/bin/python3.10 (found version "3.10.12") found components: Interpreter \n'}
[17.640750] (-) TimerEvent: {}
[17.679332] (turtlebot3_simulations) StdoutLine: {'line': b'-- Override CMake install command with custom implementation using symlinks instead of copying resources\n'}
[17.740867] (-) TimerEvent: {}
[17.742124] (turtlebot3_simulations) StdoutLine: {'line': b'-- Configuring done\n'}
[17.743712] (turtlebot3_simulations) StdoutLine: {'line': b'-- Generating done\n'}
[17.744308] (turtlebot3_simulations) StdoutLine: {'line': b'-- Build files have been written to: /home/ammar/turtlebot3_localization/build/turtlebot3_simulations\n'}
[17.747251] (turtlebot3_simulations) CommandEnded: {'returncode': 0}
[17.748054] (turtlebot3_simulations) JobProgress: {'identifier': 'turtlebot3_simulations', 'progress': 'build'}
[17.748084] (turtlebot3_simulations) Command: {'cmd': ['/usr/bin/cmake', '--build', '/home/ammar/turtlebot3_localization/build/turtlebot3_simulations', '--', '-j12', '-l12'], 'cwd': '/home/ammar/turtlebot3_localization/build/turtlebot3_simulations', 'env': OrderedDict([('GJS_DEBUG_TOPICS', 'JS ERROR;JS LOG'), ('LESSOPEN', '| /usr/bin/lesspipe %s'), ('LANGUAGE', 'en_US:en'), ('USER', 'ammar'), ('LC_TIME', 'ar_EG.UTF-8'), ('XDG_SESSION_TYPE', 'x11'), ('SHLVL', '1'), ('LD_LIBRARY_PATH', '/usr/lib/x86_64-linux-gnu/gazebo-11/plugins:/opt/ros/humble/opt/rviz_ogre_vendor/lib:/opt/ros/humble/lib/x86_64-linux-gnu:/opt/ros/humble/lib'), ('HOME', '/home/ammar'), ('CONDA_SHLVL', '0'), ('OLDPWD', '/home/ammar'), ('DESKTOP_SESSION', 'ubuntu'), ('GIO_LAUNCHED_DESKTOP_FILE', '/usr/share/applications/terminator.desktop'), ('ROS_PYTHON_VERSION', '3'), ('GNOME_SHELL_SESSION_MODE', 'ubuntu'), ('GTK_MODULES', 'gail:atk-bridge'), ('LC_MONETARY', 'ar_EG.UTF-8'), ('MANAGERPID', '1649'), ('SYSTEMD_EXEC_PID', '2109'), ('DBUS_SESSION_BUS_ADDRESS', 'unix:path=/run/user/1000/bus'), ('COLORTERM', 'truecolor'), ('_CE_M', ''), ('TERMINATOR_DBUS_NAME', 'net.tenshu.Terminator23558193cd9818af7fe4d2c2f5bd9d00f'), ('GIO_LAUNCHED_DESKTOP_FILE_PID', '2624'), ('COLCON_PREFIX_PATH', '/home/ammar/ros2_ws/install'), ('ROS_DISTRO', 'humble'), ('GTK_IM_MODULE', 'ibus'), ('LOGNAME', 'ammar'), ('JOURNAL_STREAM', '8:18170'), ('_', '/usr/bin/colcon'), ('ROS_VERSION', '2'), ('XDG_SESSION_CLASS', 'user'), ('USERNAME', 'ammar'), ('TERM', 'xterm-256color'), ('GNOME_DESKTOP_SESSION_ID', 'this-is-deprecated'), ('_CE_CONDA', ''), ('ROS_LOCALHOST_ONLY', '0'), ('WINDOWPATH', '2'), ('PATH', '/home/ammar/anaconda3/condabin:/opt/ros/humble/bin:/usr/local/sbin:/usr/local/bin:/usr/sbin:/usr/bin:/sbin:/bin:/usr/games:/usr/local/games:/snap/bin:/snap/bin'), ('SESSION_MANAGER', 'local/ammars-machine:@/tmp/.ICE-unix/2081,unix/ammars-machine:/tmp/.ICE-unix/2081'), ('INVOCATION_ID', 'f6d1483e31c54fb5a0a2100081a86de2'), ('PAPERSIZE', 'a4'), ('XDG_MENU_PREFIX', 'gnome-'), ('LC_ADDRESS', 'ar_EG.UTF-8'), ('XDG_RUNTIME_DIR', '/run/user/1000'), ('DISPLAY', ':1'), ('TERMINATOR_DBUS_PATH', '/net/tenshu/Terminator2'), ('LANG', 'en_US.UTF-8'), ('XDG_CURRENT_DESKTOP', 'ubuntu:GNOME'), ('IBUS_DISABLE_SNOOPER', '1'), ('LC_TELEPHONE', 'ar_EG.UTF-8'), ('XMODIFIERS', '@im=ibus'), ('XDG_SESSION_DESKTOP', 'ubuntu'), ('XAUTHORITY', '/run/user/1000/gdm/Xauthority'), ('LS_COLORS', 'rs=0:di=01;34:ln=01;36:mh=00:pi=40;33:so=01;35:do=01;35:bd=40;33;01:cd=40;33;01:or=40;31;01:mi=00:su=37;41:sg=30;43:ca=30;41:tw=30;42:ow=34;42:st=37;44:ex=01;32:*.tar=01;31:*.tgz=01;31:*.arc=01;31:*.arj=01;31:*.taz=01;31:*.lha=01;31:*.lz4=01;31:*.lzh=01;31:*.lzma=01;31:*.tlz=01;31:*.txz=01;31:*.tzo=01;31:*.t7z=01;31:*.zip=01;31:*.z=01;31:*.dz=01;31:*.gz=01;31:*.lrz=01;31:*.lz=01;31:*.lzo=01;31:*.xz=01;31:*.zst=01;31:*.tzst=01;31:*.bz2=01;31:*.bz=01;31:*.tbz=01;31:*.tbz2=01;31:*.tz=01;31:*.deb=01;31:*.rpm=01;31:*.jar=01;31:*.war=01;31:*.ear=01;31:*.sar=01;31:*.rar=01;31:*.alz=01;31:*.ace=01;31:*.zoo=01;31:*.cpio=01;31:*.7z=01;31:*.rz=01;31:*.cab=01;31:*.wim=01;31:*.swm=01;31:*.dwm=01;31:*.esd=01;31:*.jpg=01;35:*.jpeg=01;35:*.mjpg=01;35:*.mjpeg=01;35:*.gif=01;35:*.bmp=01;35:*.pbm=01;35:*.pgm=01;35:*.ppm=01;35:*.tga=01;35:*.xbm=01;35:*.xpm=01;35:*.tif=01;35:*.tiff=01;35:*.png=01;35:*.svg=01;35:*.svgz=01;35:*.mng=01;35:*.pcx=01;35:*.mov=01;35:*.mpg=01;35:*.mpeg=01;35:*.m2v=01;35:*.mkv=01;35:*.webm=01;35:*.webp=01;35:*.ogm=01;35:*.mp4=01;35:*.m4v=01;35:*.mp4v=01;35:*.vob=01;35:*.qt=01;35:*.nuv=01;35:*.wmv=01;35:*.asf=01;35:*.rm=01;35:*.rmvb=01;35:*.flc=01;35:*.avi=01;35:*.fli=01;35:*.flv=01;35:*.gl=01;35:*.dl=01;35:*.xcf=01;35:*.xwd=01;35:*.yuv=01;35:*.cgm=01;35:*.emf=01;35:*.ogv=01;35:*.ogx=01;35:*.aac=00;36:*.au=00;36:*.flac=00;36:*.m4a=00;36:*.mid=00;36:*.midi=00;36:*.mka=00;36:*.mp3=00;36:*.mpc=00;36:*.ogg=00;36:*.ra=00;36:*.wav=00;36:*.oga=00;36:*.opus=00;36:*.spx=00;36:*.xspf=00;36:'), ('SSH_AGENT_LAUNCHER', 'gnome-keyring'), ('SSH_AUTH_SOCK', '/run/user/1000/keyring/ssh'), ('AMENT_PREFIX_PATH', '/home/ammar/turtlebot3_localization/install/turtlebot3_gazebo:/home/ammar/turtlebot3_localization/install/turtlebot3_fake_node:/home/ammar/ros2_ws/install/my_robot_bringup:/home/ammar/ros2_ws/install/my_robot_controller:/opt/ros/humble'), ('CONDA_PYTHON_EXE', '/home/ammar/anaconda3/bin/python'), ('SHELL', '/bin/bash'), ('LC_NAME', 'ar_EG.UTF-8'), ('TERMINATOR_UUID', 'urn:uuid:ae12983b-cf6e-47b7-ad1a-485ddede5d41'), ('QT_ACCESSIBILITY', '1'), ('GDMSESSION', 'ubuntu'), ('LESSCLOSE', '/usr/bin/lesspipe %s %s'), ('LC_MEASUREMENT', 'ar_EG.UTF-8'), ('GPG_AGENT_INFO', '/run/user/1000/gnupg/S.gpg-agent:0:1'), ('GJS_DEBUG_OUTPUT', 'stderr'), ('LC_IDENTIFICATION', 'ar_EG.UTF-8'), ('QT_IM_MODULE', 'ibus'), ('PWD', '/home/ammar/turtlebot3_localization/build/turtlebot3_simulations'), ('XDG_CONFIG_DIRS', '/etc/xdg/xdg-ubuntu:/etc/xdg'), ('CONDA_EXE', '/home/ammar/anaconda3/bin/conda'), ('XDG_DATA_DIRS', '/usr/share/ubuntu:/usr/share/gnome:/usr/local/share/:/usr/share/:/var/lib/snapd/desktop'), ('PYTHONPATH', '/home/ammar/ros2_ws/build/my_robot_controller:/home/ammar/ros2_ws/install/my_robot_controller/lib/python3.10/site-packages:/opt/ros/humble/lib/python3.10/site-packages:/opt/ros/humble/local/lib/python3.10/dist-packages'), ('LC_NUMERIC', 'ar_EG.UTF-8'), ('LC_PAPER', 'ar_EG.UTF-8'), ('COLCON', '1'), ('VTE_VERSION', '6800'), ('CMAKE_PREFIX_PATH', '/home/ammar/turtlebot3_localization/install/turtlebot3_gazebo:/home/ammar/turtlebot3_localization/install/turtlebot3_fake_node:/home/ammar/ros2_ws/install/my_robot_bringup:/home/ammar/ros2_ws/install/my_robot_controller:/opt/ros/humble')]), 'shell': False}
[17.771509] (turtlebot3_simulations) CommandEnded: {'returncode': 0}
[17.784498] (turtlebot3_simulations) JobProgress: {'identifier': 'turtlebot3_simulations', 'progress': 'install'}
[17.784729] (turtlebot3_simulations) Command: {'cmd': ['/usr/bin/cmake', '--install', '/home/ammar/turtlebot3_localization/build/turtlebot3_simulations'], 'cwd': '/home/ammar/turtlebot3_localization/build/turtlebot3_simulations', 'env': OrderedDict([('GJS_DEBUG_TOPICS', 'JS ERROR;JS LOG'), ('LESSOPEN', '| /usr/bin/lesspipe %s'), ('LANGUAGE', 'en_US:en'), ('USER', 'ammar'), ('LC_TIME', 'ar_EG.UTF-8'), ('XDG_SESSION_TYPE', 'x11'), ('SHLVL', '1'), ('LD_LIBRARY_PATH', '/usr/lib/x86_64-linux-gnu/gazebo-11/plugins:/opt/ros/humble/opt/rviz_ogre_vendor/lib:/opt/ros/humble/lib/x86_64-linux-gnu:/opt/ros/humble/lib'), ('HOME', '/home/ammar'), ('CONDA_SHLVL', '0'), ('OLDPWD', '/home/ammar'), ('DESKTOP_SESSION', 'ubuntu'), ('GIO_LAUNCHED_DESKTOP_FILE', '/usr/share/applications/terminator.desktop'), ('ROS_PYTHON_VERSION', '3'), ('GNOME_SHELL_SESSION_MODE', 'ubuntu'), ('GTK_MODULES', 'gail:atk-bridge'), ('LC_MONETARY', 'ar_EG.UTF-8'), ('MANAGERPID', '1649'), ('SYSTEMD_EXEC_PID', '2109'), ('DBUS_SESSION_BUS_ADDRESS', 'unix:path=/run/user/1000/bus'), ('COLORTERM', 'truecolor'), ('_CE_M', ''), ('TERMINATOR_DBUS_NAME', 'net.tenshu.Terminator23558193cd9818af7fe4d2c2f5bd9d00f'), ('GIO_LAUNCHED_DESKTOP_FILE_PID', '2624'), ('COLCON_PREFIX_PATH', '/home/ammar/ros2_ws/install'), ('ROS_DISTRO', 'humble'), ('GTK_IM_MODULE', 'ibus'), ('LOGNAME', 'ammar'), ('JOURNAL_STREAM', '8:18170'), ('_', '/usr/bin/colcon'), ('ROS_VERSION', '2'), ('XDG_SESSION_CLASS', 'user'), ('USERNAME', 'ammar'), ('TERM', 'xterm-256color'), ('GNOME_DESKTOP_SESSION_ID', 'this-is-deprecated'), ('_CE_CONDA', ''), ('ROS_LOCALHOST_ONLY', '0'), ('WINDOWPATH', '2'), ('PATH', '/home/ammar/anaconda3/condabin:/opt/ros/humble/bin:/usr/local/sbin:/usr/local/bin:/usr/sbin:/usr/bin:/sbin:/bin:/usr/games:/usr/local/games:/snap/bin:/snap/bin'), ('SESSION_MANAGER', 'local/ammars-machine:@/tmp/.ICE-unix/2081,unix/ammars-machine:/tmp/.ICE-unix/2081'), ('INVOCATION_ID', 'f6d1483e31c54fb5a0a2100081a86de2'), ('PAPERSIZE', 'a4'), ('XDG_MENU_PREFIX', 'gnome-'), ('LC_ADDRESS', 'ar_EG.UTF-8'), ('XDG_RUNTIME_DIR', '/run/user/1000'), ('DISPLAY', ':1'), ('TERMINATOR_DBUS_PATH', '/net/tenshu/Terminator2'), ('LANG', 'en_US.UTF-8'), ('XDG_CURRENT_DESKTOP', 'ubuntu:GNOME'), ('IBUS_DISABLE_SNOOPER', '1'), ('LC_TELEPHONE', 'ar_EG.UTF-8'), ('XMODIFIERS', '@im=ibus'), ('XDG_SESSION_DESKTOP', 'ubuntu'), ('XAUTHORITY', '/run/user/1000/gdm/Xauthority'), ('LS_COLORS', 'rs=0:di=01;34:ln=01;36:mh=00:pi=40;33:so=01;35:do=01;35:bd=40;33;01:cd=40;33;01:or=40;31;01:mi=00:su=37;41:sg=30;43:ca=30;41:tw=30;42:ow=34;42:st=37;44:ex=01;32:*.tar=01;31:*.tgz=01;31:*.arc=01;31:*.arj=01;31:*.taz=01;31:*.lha=01;31:*.lz4=01;31:*.lzh=01;31:*.lzma=01;31:*.tlz=01;31:*.txz=01;31:*.tzo=01;31:*.t7z=01;31:*.zip=01;31:*.z=01;31:*.dz=01;31:*.gz=01;31:*.lrz=01;31:*.lz=01;31:*.lzo=01;31:*.xz=01;31:*.zst=01;31:*.tzst=01;31:*.bz2=01;31:*.bz=01;31:*.tbz=01;31:*.tbz2=01;31:*.tz=01;31:*.deb=01;31:*.rpm=01;31:*.jar=01;31:*.war=01;31:*.ear=01;31:*.sar=01;31:*.rar=01;31:*.alz=01;31:*.ace=01;31:*.zoo=01;31:*.cpio=01;31:*.7z=01;31:*.rz=01;31:*.cab=01;31:*.wim=01;31:*.swm=01;31:*.dwm=01;31:*.esd=01;31:*.jpg=01;35:*.jpeg=01;35:*.mjpg=01;35:*.mjpeg=01;35:*.gif=01;35:*.bmp=01;35:*.pbm=01;35:*.pgm=01;35:*.ppm=01;35:*.tga=01;35:*.xbm=01;35:*.xpm=01;35:*.tif=01;35:*.tiff=01;35:*.png=01;35:*.svg=01;35:*.svgz=01;35:*.mng=01;35:*.pcx=01;35:*.mov=01;35:*.mpg=01;35:*.mpeg=01;35:*.m2v=01;35:*.mkv=01;35:*.webm=01;35:*.webp=01;35:*.ogm=01;35:*.mp4=01;35:*.m4v=01;35:*.mp4v=01;35:*.vob=01;35:*.qt=01;35:*.nuv=01;35:*.wmv=01;35:*.asf=01;35:*.rm=01;35:*.rmvb=01;35:*.flc=01;35:*.avi=01;35:*.fli=01;35:*.flv=01;35:*.gl=01;35:*.dl=01;35:*.xcf=01;35:*.xwd=01;35:*.yuv=01;35:*.cgm=01;35:*.emf=01;35:*.ogv=01;35:*.ogx=01;35:*.aac=00;36:*.au=00;36:*.flac=00;36:*.m4a=00;36:*.mid=00;36:*.midi=00;36:*.mka=00;36:*.mp3=00;36:*.mpc=00;36:*.ogg=00;36:*.ra=00;36:*.wav=00;36:*.oga=00;36:*.opus=00;36:*.spx=00;36:*.xspf=00;36:'), ('SSH_AGENT_LAUNCHER', 'gnome-keyring'), ('SSH_AUTH_SOCK', '/run/user/1000/keyring/ssh'), ('AMENT_PREFIX_PATH', '/home/ammar/turtlebot3_localization/install/turtlebot3_gazebo:/home/ammar/turtlebot3_localization/install/turtlebot3_fake_node:/home/ammar/ros2_ws/install/my_robot_bringup:/home/ammar/ros2_ws/install/my_robot_controller:/opt/ros/humble'), ('CONDA_PYTHON_EXE', '/home/ammar/anaconda3/bin/python'), ('SHELL', '/bin/bash'), ('LC_NAME', 'ar_EG.UTF-8'), ('TERMINATOR_UUID', 'urn:uuid:ae12983b-cf6e-47b7-ad1a-485ddede5d41'), ('QT_ACCESSIBILITY', '1'), ('GDMSESSION', 'ubuntu'), ('LESSCLOSE', '/usr/bin/lesspipe %s %s'), ('LC_MEASUREMENT', 'ar_EG.UTF-8'), ('GPG_AGENT_INFO', '/run/user/1000/gnupg/S.gpg-agent:0:1'), ('GJS_DEBUG_OUTPUT', 'stderr'), ('LC_IDENTIFICATION', 'ar_EG.UTF-8'), ('QT_IM_MODULE', 'ibus'), ('PWD', '/home/ammar/turtlebot3_localization/build/turtlebot3_simulations'), ('XDG_CONFIG_DIRS', '/etc/xdg/xdg-ubuntu:/etc/xdg'), ('CONDA_EXE', '/home/ammar/anaconda3/bin/conda'), ('XDG_DATA_DIRS', '/usr/share/ubuntu:/usr/share/gnome:/usr/local/share/:/usr/share/:/var/lib/snapd/desktop'), ('PYTHONPATH', '/home/ammar/ros2_ws/build/my_robot_controller:/home/ammar/ros2_ws/install/my_robot_controller/lib/python3.10/site-packages:/opt/ros/humble/lib/python3.10/site-packages:/opt/ros/humble/local/lib/python3.10/dist-packages'), ('LC_NUMERIC', 'ar_EG.UTF-8'), ('LC_PAPER', 'ar_EG.UTF-8'), ('COLCON', '1'), ('VTE_VERSION', '6800'), ('CMAKE_PREFIX_PATH', '/home/ammar/turtlebot3_localization/install/turtlebot3_gazebo:/home/ammar/turtlebot3_localization/install/turtlebot3_fake_node:/home/ammar/ros2_ws/install/my_robot_bringup:/home/ammar/ros2_ws/install/my_robot_controller:/opt/ros/humble')]), 'shell': False}
[17.790136] (turtlebot3_simulations) StdoutLine: {'line': b'-- Install configuration: ""\n'}
[17.790486] (turtlebot3_simulations) StdoutLine: {'line': b'-- Execute custom install script\n'}
[17.790704] (turtlebot3_simulations) StdoutLine: {'line': b'-- Symlinking: /home/ammar/turtlebot3_localization/install/turtlebot3_simulations/share/ament_index/resource_index/package_run_dependencies/turtlebot3_simulations\n'}
[17.796493] (turtlebot3_simulations) StdoutLine: {'line': b'-- Symlinking: /home/ammar/turtlebot3_localization/install/turtlebot3_simulations/share/ament_index/resource_index/parent_prefix_path/turtlebot3_simulations\n'}
[17.802059] (turtlebot3_simulations) StdoutLine: {'line': b'-- Symlinking: /home/ammar/turtlebot3_localization/install/turtlebot3_simulations/share/turtlebot3_simulations/environment/ament_prefix_path.sh\n'}
[17.807914] (turtlebot3_simulations) StdoutLine: {'line': b'-- Symlinking: /home/ammar/turtlebot3_localization/install/turtlebot3_simulations/share/turtlebot3_simulations/environment/ament_prefix_path.dsv\n'}
[17.813861] (turtlebot3_simulations) StdoutLine: {'line': b'-- Symlinking: /home/ammar/turtlebot3_localization/install/turtlebot3_simulations/share/turtlebot3_simulations/environment/path.sh\n'}
[17.820154] (turtlebot3_simulations) StdoutLine: {'line': b'-- Symlinking: /home/ammar/turtlebot3_localization/install/turtlebot3_simulations/share/turtlebot3_simulations/environment/path.dsv\n'}
[17.826537] (turtlebot3_simulations) StdoutLine: {'line': b'-- Symlinking: /home/ammar/turtlebot3_localization/install/turtlebot3_simulations/share/turtlebot3_simulations/local_setup.bash\n'}
[17.832809] (turtlebot3_simulations) StdoutLine: {'line': b'-- Symlinking: /home/ammar/turtlebot3_localization/install/turtlebot3_simulations/share/turtlebot3_simulations/local_setup.sh\n'}
[17.839268] (turtlebot3_simulations) StdoutLine: {'line': b'-- Symlinking: /home/ammar/turtlebot3_localization/install/turtlebot3_simulations/share/turtlebot3_simulations/local_setup.zsh\n'}
[17.840962] (-) TimerEvent: {}
[17.845532] (turtlebot3_simulations) StdoutLine: {'line': b'-- Symlinking: /home/ammar/turtlebot3_localization/install/turtlebot3_simulations/share/turtlebot3_simulations/local_setup.dsv\n'}
[17.851961] (turtlebot3_simulations) StdoutLine: {'line': b'-- Symlinking: /home/ammar/turtlebot3_localization/install/turtlebot3_simulations/share/turtlebot3_simulations/package.dsv\n'}
[17.858484] (turtlebot3_simulations) StdoutLine: {'line': b'-- Symlinking: /home/ammar/turtlebot3_localization/install/turtlebot3_simulations/share/ament_index/resource_index/packages/turtlebot3_simulations\n'}
[17.864856] (turtlebot3_simulations) StdoutLine: {'line': b'-- Symlinking: /home/ammar/turtlebot3_localization/install/turtlebot3_simulations/share/turtlebot3_simulations/cmake/turtlebot3_simulationsConfig.cmake\n'}
[17.871404] (turtlebot3_simulations) StdoutLine: {'line': b'-- Symlinking: /home/ammar/turtlebot3_localization/install/turtlebot3_simulations/share/turtlebot3_simulations/cmake/turtlebot3_simulationsConfig-version.cmake\n'}
[17.877862] (turtlebot3_simulations) StdoutLine: {'line': b'-- Symlinking: /home/ammar/turtlebot3_localization/install/turtlebot3_simulations/share/turtlebot3_simulations/package.xml\n'}
[17.884652] (turtlebot3_simulations) CommandEnded: {'returncode': 0}
[17.941041] (-) TimerEvent: {}
[17.997248] (turtlebot3_simulations) JobEnded: {'identifier': 'turtlebot3_simulations', 'rc': 0}
[17.997850] (-) EventReactorShutdown: {}
